user_id,start_time,end_time,location,duration_hours,shift_date
1,,,Göktürk,10,2024-11-01
1,,,Göktürk,11,2024-11-02
1,,,Göktürk,13,2024-11-03
1,,,Göktürk,10,2024-11-04
1,,,Göktürk,10,2024-11-05
1,,,Göktürk,10,2024-11-06
1,,,Göktürk,13,2024-11-07
1,,,Göktürk,11,2024-11-08
1,,,Göktürk,10,2024-11-09
1,,,Göktürk,11,2024-11-18
1,,,Göktürk,10,2024-11-19
1,,,Göktürk,10,2024-11-20
1,,,Göktürk,10,2024-11-21
1,,,Göktürk,12,2024-11-22
1,,,Göktürk,13,2024-11-23
1,,,Göktürk,10,2024-11-24
1,,,Göktürk,11,2024-11-25
1,,,Göktürk,10,2024-11-27
1,,,Göktürk,10,2024-11-28
1,,,Göktürk,11,2024-11-29
1,,,Göktürk,10,2024-11-30
2,,,Göktürk,10,2024-11-01
2,,,Göktürk,8,2024-11-03
2,,,Göktürk,10,2024-11-04
2,,,Göktürk,10,2024-11-05
2,,,Göktürk,10,2024-11-06
2,,,Göktürk,10,2024-11-07
2,,,Göktürk,2,2024-11-11
2,,,Göktürk,10,2024-11-12
2,,,Göktürk,10,2024-11-13
2,,,Göktürk,9,2024-11-14
2,,,Göktürk,11,2024-11-15
2,,,Göktürk,11,2024-11-16
2,,,Göktürk,11,2024-11-17
2,,,Göktürk,10,2024-11-18
2,,,Göktürk,8,2024-11-20
2,,,Göktürk,10,2024-11-21
2,,,Göktürk,10,2024-11-22
2,,,Göktürk,10,2024-11-23
2,,,Göktürk,10,2024-11-24
2,,,Göktürk,10,2024-11-25
2,,,Göktürk,10,2024-11-26
2,,,Göktürk,10,2024-11-29
3,,,Göktürk,10,2024-11-01
3,,,Göktürk,12,2024-11-02
3,,,Göktürk,10,2024-11-04
3,,,Göktürk,12,2024-11-05
3,,,Göktürk,10,2024-11-06
3,,,Göktürk,12,2024-11-08
3,,,Göktürk,10,2024-11-09
3,,,Göktürk,12,2024-11-10
3,,,Göktürk,12,2024-11-11
3,,,Göktürk,12,2024-11-12
3,,,Göktürk,12,2024-11-13
3,,,Göktürk,11,2024-11-14
3,,,Göktürk,12,2024-11-15
3,,,Göktürk,13,2024-11-16
3,,,Göktürk,12,2024-11-17
3,,,Göktürk,11,2024-11-19
3,,,Göktürk,11,2024-11-20
3,,,Göktürk,9,2024-11-21
3,,,Göktürk,10,2024-11-22
3,,,Göktürk,10,2024-11-24
3,,,Göktürk,5,2024-11-25
3,,,Göktürk,11,2024-11-26
3,,,Göktürk,11,2024-11-27
3,,,Göktürk,8,2024-11-28
3,,,Göktürk,2,2024-11-29
3,,,Göktürk,11,2024-11-30
4,,,Göktürk,8,2024-11-01
4,,,Göktürk,8,2024-11-04
4,,,Göktürk,8,2024-11-05
4,,,Göktürk,8,2024-11-06
4,,,Göktürk,8,2024-11-07
4,,,Göktürk,4,2024-11-08
4,,,Göktürk,8,2024-11-09
4,,,Göktürk,8,2024-11-10
4,,,Göktürk,8,2024-11-11
4,,,Göktürk,8,2024-11-12
4,,,Göktürk,8,2024-11-13
4,,,Göktürk,8,2024-11-14
4,,,Göktürk,8,2024-11-15
4,,,Göktürk,6,2024-11-16
4,,,Göktürk,8,2024-11-18
4,,,Göktürk,8,2024-11-19
4,,,Göktürk,8,2024-11-20
4,,,Göktürk,8,2024-11-21
4,,,Göktürk,8,2024-11-22
4,,,Göktürk,8,2024-11-23
4,,,Göktürk,8,2024-11-24
4,,,Göktürk,8,2024-11-25
4,,,Göktürk,8,2024-11-26
4,,,Göktürk,8,2024-11-27
4,,,Göktürk,8,2024-11-28
4,,,Göktürk,8,2024-11-29
4,,,Göktürk,8,2024-11-30
5,,,Göktürk,10,2024-11-01
5,,,Göktürk,10,2024-11-02
5,,,Göktürk,10,2024-11-03
5,,,Göktürk,13,2024-11-05
5,,,Göktürk,7,2024-11-06
5,,,Göktürk,10,2024-11-07
5,,,Göktürk,11,2024-11-08
5,,,Göktürk,9,2024-11-09
5,,,Göktürk,10,2024-11-10
5,,,Göktürk,10,2024-11-12
5,,,Göktürk,10,2024-11-13
5,,,Göktürk,7,2024-11-14
5,,,Göktürk,9,2024-11-15
5,,,Göktürk,9,2024-11-16
5,,,Göktürk,8,2024-11-17
5,,,Göktürk,10,2024-11-18
5,,,Göktürk,10,2024-11-19
5,,,Göktürk,7,2024-11-20
5,,,Göktürk,10,2024-11-21
5,,,Göktürk,11,2024-11-22
5,,,Göktürk,9,2024-11-23
5,,,Göktürk,10,2024-11-24
5,,,Göktürk,10,2024-11-25
5,,,Göktürk,13,2024-11-27
5,,,Göktürk,10,2024-11-28
5,,,Göktürk,10,2024-11-29
5,,,Göktürk,11,2024-11-30
6,,,Göktürk,10,2024-11-01
6,,,Göktürk,10,2024-11-02
6,,,Göktürk,10,2024-11-03
6,,,Göktürk,13,2024-11-04
6,,,Göktürk,10,2024-11-06
6,,,Göktürk,10,2024-11-07
6,,,Göktürk,7,2024-11-08
6,,,Göktürk,10,2024-11-09
6,,,Göktürk,10,2024-11-10
6,,,Göktürk,10,2024-11-11
6,,,Göktürk,10,2024-11-12
6,,,Göktürk,10,2024-11-14
6,,,Göktürk,10,2024-11-15
6,,,Göktürk,10,2024-11-16
6,,,Göktürk,10,2024-11-17
6,,,Göktürk,10,2024-11-19
6,,,Göktürk,10,2024-11-20
6,,,Göktürk,10,2024-11-21
6,,,Göktürk,11,2024-11-22
6,,,Göktürk,9,2024-11-23
6,,,Göktürk,10,2024-11-24
6,,,Göktürk,10,2024-11-25
6,,,Göktürk,13,2024-11-26
6,,,Göktürk,10,2024-11-28
6,,,Göktürk,10,2024-11-29
6,,,Göktürk,10,2024-11-30
7,,,Göktürk,10,2024-11-01
7,,,Göktürk,10,2024-11-02
7,,,Göktürk,10,2024-11-03
7,,,Göktürk,10,2024-11-04
7,,,Göktürk,10,2024-11-05
7,,,Göktürk,6,2024-11-06
7,,,Göktürk,4,2024-11-07
7,,,Göktürk,10,2024-11-08
7,,,Göktürk,11,2024-11-09
7,,,Göktürk,9,2024-11-10
7,,,Göktürk,10,2024-11-11
7,,,Göktürk,10,2024-11-13
7,,,Göktürk,10,2024-11-14
7,,,Göktürk,10,2024-11-15
7,,,Göktürk,10,2024-11-16
7,,,Göktürk,10,2024-11-17
7,,,Göktürk,10,2024-11-18
7,,,Göktürk,10,2024-11-20
7,,,Göktürk,10,2024-11-21
7,,,Göktürk,11,2024-11-22
7,,,Göktürk,12,2024-11-23
7,,,Göktürk,8,2024-11-24
7,,,Göktürk,10,2024-11-26
7,,,Göktürk,10,2024-11-27
7,,,Göktürk,10,2024-11-28
7,,,Göktürk,10,2024-11-29
7,,,Göktürk,10,2024-11-30
1,,,Göktürk,10,2024-12-01
1,,,Göktürk,11,2024-12-03
1,,,Göktürk,10,2024-12-04
1,,,Göktürk,10,2024-12-05
1,,,Göktürk,10,2024-12-06
1,,,Göktürk,10,2024-12-07
1,,,Göktürk,10,2024-12-08
1,,,Göktürk,13,2024-12-09
1,,,Göktürk,10,2024-12-10
1,,,Göktürk,10,2024-12-11
1,,,Göktürk,10,2024-12-12
1,,,Göktürk,10,2024-12-13
1,,,Göktürk,10,2024-12-14
2,,,Göktürk,10,2024-12-01
2,,,Göktürk,10,2024-12-02
2,,,Göktürk,10,2024-12-03
2,,,Göktürk,9,2024-12-04
3,,,Göktürk,10,2024-12-01
3,,,Göktürk,11,2024-12-02
3,,,Göktürk,10,2024-12-04
3,,,Göktürk,11,2024-12-05
3,,,Göktürk,11,2024-12-06
3,,,Göktürk,11,2024-12-07
3,,,Göktürk,11,2024-12-08
3,,,Göktürk,11,2024-12-10
3,,,Göktürk,11,2024-12-11
3,,,Göktürk,10,2024-12-12
3,,,Göktürk,11,2024-12-13
3,,,Göktürk,8,2024-12-14
3,,,Göktürk,13,2024-12-15
3,,,Göktürk,13,2024-12-16
3,,,Göktürk,13,2024-12-17
3,,,Göktürk,13,2024-12-18
3,,,Göktürk,12,2024-12-19
3,,,Göktürk,13,2024-12-20
3,,,Göktürk,13,2024-12-21
3,,,Göktürk,12,2024-12-22
3,,,Göktürk,13,2024-12-23
3,,,Göktürk,10,2024-12-24
3,,,Göktürk,5,2024-12-25
3,,,Göktürk,11,2024-12-27
3,,,Göktürk,11,2024-12-28
3,,,Göktürk,11,2024-12-29
4,,,Göktürk,8,2024-12-01
4,,,Göktürk,8,2024-12-02
4,,,Göktürk,8,2024-12-03
4,,,Göktürk,8,2024-12-04
4,,,Göktürk,8,2024-12-05
4,,,Göktürk,8,2024-12-06
4,,,Göktürk,8,2024-12-07
4,,,Göktürk,8,2024-12-08
4,,,Göktürk,8,2024-12-09
4,,,Göktürk,8,2024-12-10
4,,,Göktürk,8,2024-12-11
4,,,Göktürk,8,2024-12-12
4,,,Göktürk,8,2024-12-13
4,,,Göktürk,8,2024-12-14
4,,,Göktürk,8,2024-12-15
4,,,Göktürk,8,2024-12-16
4,,,Göktürk,8,2024-12-17
4,,,Göktürk,7,2024-12-18
4,,,Göktürk,8,2024-12-19
4,,,Göktürk,8,2024-12-20
4,,,Göktürk,8,2024-12-21
4,,,Göktürk,8,2024-12-22
4,,,Göktürk,8,2024-12-23
4,,,Göktürk,8,2024-12-24
4,,,Göktürk,8,2024-12-25
4,,,Göktürk,8,2024-12-26
4,,,Göktürk,8,2024-12-27
4,,,Göktürk,8,2024-12-28
4,,,Göktürk,8,2024-12-29
4,,,Göktürk,8,2024-12-30
8,,,Göktürk,8,2024-12-16
8,,,Göktürk,9,2024-12-17
8,,,Göktürk,7,2024-12-18
8,,,Göktürk,8,2024-12-19
8,,,Göktürk,8,2024-12-20
8,,,Göktürk,11,2024-12-21
8,,,Göktürk,10,2024-12-22
8,,,Göktürk,10,2024-12-23
8,,,Göktürk,10,2024-12-24
8,,,Göktürk,10,2024-12-25
8,,,Göktürk,10,2024-12-26
8,,,Göktürk,10,2024-12-27
8,,,Göktürk,10,2024-12-28
8,,,Göktürk,10,2024-12-29
8,,,Göktürk,13,2024-12-30
8,,,Göktürk,10,2024-12-31
5,,,Göktürk,11,2024-12-01
5,,,Göktürk,10,2024-12-02
5,,,Göktürk,10,2024-12-04
5,,,Göktürk,10,2024-12-05
5,,,Göktürk,10,2024-12-06
5,,,Göktürk,11,2024-12-07
5,,,Göktürk,10,2024-12-08
5,,,Göktürk,10,2024-12-10
5,,,Göktürk,10,2024-12-11
5,,,Göktürk,9,2024-12-12
5,,,Göktürk,11,2024-12-13
5,,,Göktürk,11,2024-12-14
5,,,Göktürk,11,2024-12-15
5,,,Göktürk,10,2024-12-16
5,,,Göktürk,13,2024-12-17
5,,,Göktürk,10,2024-12-18
5,,,Göktürk,10,2024-12-19
5,,,Göktürk,10,2024-12-25
5,,,Göktürk,10,2024-12-26
5,,,Göktürk,13,2024-12-27
5,,,Göktürk,10,2024-12-28
5,,,Göktürk,10,2024-12-29
5,,,Göktürk,10,2024-12-31
6,,,Göktürk,10,2024-12-01
6,,,Göktürk,13,2024-12-02
6,,,Göktürk,13,2024-12-03
6,,,Göktürk,10,2024-12-04
6,,,Göktürk,10,2024-12-05
6,,,Göktürk,10,2024-12-06
6,,,Göktürk,10,2024-12-07
6,,,Göktürk,10,2024-12-08
6,,,Göktürk,13,2024-12-09
6,,,Göktürk,13,2024-12-10
6,,,Göktürk,13,2024-12-11
6,,,Göktürk,10,2024-12-12
6,,,Göktürk,7,2024-12-13
6,,,Göktürk,10,2024-12-14
6,,,Göktürk,10,2024-12-15
6,,,Göktürk,10,2024-12-16
6,,,Göktürk,10,2024-12-17
6,,,Göktürk,10,2024-12-18
6,,,Göktürk,10,2024-12-19
6,,,Göktürk,7,2024-12-25
6,,,Göktürk,13,2024-12-26
6,,,Göktürk,10,2024-12-27
6,,,Göktürk,10,2024-12-28
6,,,Göktürk,13,2024-12-29
6,,,Göktürk,13,2024-12-30
7,,,Göktürk,10,2024-12-01
7,,,Göktürk,10,2024-12-03
7,,,Göktürk,10,2024-12-04
7,,,Göktürk,10,2024-12-05
7,,,Göktürk,10,2024-12-06
7,,,Göktürk,10,2024-12-07
7,,,Göktürk,10,2024-12-08
7,,,Göktürk,10,2024-12-09
7,,,Göktürk,7,2024-12-10
7,,,Göktürk,10,2024-12-12
7,,,Göktürk,13,2024-12-13
7,,,Göktürk,10,2024-12-14
7,,,Göktürk,10,2024-12-15
7,,,Göktürk,10,2024-12-16
7,,,Göktürk,7,2024-12-18
7,,,Göktürk,12,2024-12-19
7,,,Göktürk,14,2024-12-20
7,,,Göktürk,14,2024-12-21
7,,,Göktürk,13,2024-12-22
7,,,Göktürk,15,2024-12-23
7,,,Göktürk,15,2024-12-24
7,,,Göktürk,13,2024-12-25
7,,,Göktürk,10,2024-12-28
7,,,Göktürk,10,2024-12-29
7,,,Göktürk,10,2024-12-30
7,,,Göktürk,10,2024-12-31
9,,,Göktürk,9,2025-01-15
9,,,Göktürk,9,2025-01-16
9,,,Göktürk,10,2025-01-17
9,,,Göktürk,10,2025-01-18
9,,,Göktürk,10,2025-01-19
9,,,Göktürk,10,2025-01-21
9,,,Göktürk,10,2025-01-22
9,,,Göktürk,10,2025-01-23
9,,,Göktürk,10,2025-01-24
9,,,Göktürk,10,2025-01-25
9,,,Göktürk,10,2025-01-26
9,,,Göktürk,10,2025-01-28
9,,,Göktürk,10,2025-01-29
9,,,Göktürk,10,2025-01-30
9,,,Göktürk,10,2025-01-31
3,,,Göktürk,9,2025-01-01
3,,,Göktürk,10,2025-01-02
3,,,Göktürk,11,2025-01-03
3,,,Göktürk,10,2025-01-04
3,,,Göktürk,10,2025-01-05
3,,,Göktürk,9,2025-01-06
3,,,Göktürk,12,2025-01-08
3,,,Göktürk,10,2025-01-09
3,,,Göktürk,9,2025-01-10
3,,,Göktürk,10,2025-01-11
3,,,Göktürk,9,2025-01-12
3,,,Göktürk,8,2025-01-13
3,,,Göktürk,11,2025-01-15
3,,,Göktürk,10,2025-01-16
3,,,Göktürk,11,2025-01-17
3,,,Göktürk,8,2025-01-18
3,,,Göktürk,6,2025-01-19
3,,,Göktürk,10,2025-01-20
3,,,Göktürk,8,2025-01-22
3,,,Göktürk,9,2025-01-23
3,,,Göktürk,10,2025-01-24
3,,,Göktürk,6,2025-01-26
3,,,Göktürk,8,2025-01-27
3,,,Göktürk,10,2025-01-28
3,,,Göktürk,9,2025-01-29
3,,,Göktürk,10,2025-01-30
3,,,Göktürk,10,2025-01-31
4,,,Göktürk,8,2025-01-02
4,,,Göktürk,8,2025-01-03
4,,,Göktürk,8,2025-01-04
4,,,Göktürk,8,2025-01-05
4,,,Göktürk,8,2025-01-06
4,,,Göktürk,8,2025-01-07
4,,,Göktürk,8,2025-01-08
4,,,Göktürk,8,2025-01-09
4,,,Göktürk,8,2025-01-10
4,,,Göktürk,8,2025-01-11
4,,,Göktürk,8,2025-01-12
4,,,Göktürk,8,2025-01-13
4,,,Göktürk,8,2025-01-14
4,,,Göktürk,8,2025-01-15
4,,,Göktürk,8,2025-01-16
4,,,Göktürk,8,2025-01-17
4,,,Göktürk,8,2025-01-18
4,,,Göktürk,8,2025-01-19
4,,,Göktürk,8,2025-01-20
4,,,Göktürk,8,2025-01-21
4,,,Göktürk,8,2025-01-22
4,,,Göktürk,8,2025-01-23
4,,,Göktürk,8,2025-01-24
4,,,Göktürk,8,2025-01-25
4,,,Göktürk,8,2025-01-27
4,,,Göktürk,8,2025-01-28
4,,,Göktürk,8,2025-01-29
4,,,Göktürk,8,2025-01-30
4,,,Göktürk,8,2025-01-31
8,,,Göktürk,10,2025-01-01
8,,,Göktürk,10,2025-01-02
8,,,Göktürk,10,2025-01-03
8,,,Göktürk,10,2025-01-04
8,,,Göktürk,10,2025-01-05
8,,,Göktürk,10,2025-01-06
8,,,Göktürk,13,2025-01-07
8,,,Göktürk,10,2025-01-09
8,,,Göktürk,10,2025-01-10
8,,,Göktürk,10,2025-01-11
8,,,Göktürk,10,2025-01-12
8,,,Göktürk,13,2025-01-13
8,,,Göktürk,10,2025-01-14
8,,,Göktürk,10,2025-01-16
8,,,Göktürk,10,2025-01-17
8,,,Göktürk,10,2025-01-18
8,,,Göktürk,10,2025-01-19
8,,,Göktürk,10,2025-01-20
8,,,Göktürk,10,2025-01-21
8,,,Göktürk,10,2025-01-22
8,,,Göktürk,10,2025-01-24
8,,,Göktürk,13,2025-01-25
8,,,Göktürk,10,2025-01-26
8,,,Göktürk,10,2025-01-27
8,,,Göktürk,10,2025-01-28
8,,,Göktürk,10,2025-01-29
8,,,Göktürk,10,2025-01-31
5,,,Göktürk,10,2025-01-01
5,,,Göktürk,10,2025-01-02
5,,,Göktürk,10,2025-01-03
5,,,Göktürk,10,2025-01-04
5,,,Göktürk,12,2025-01-07
5,,,Göktürk,10,2025-01-08
5,,,Göktürk,10,2025-01-09
5,,,Göktürk,10,2025-01-10
5,,,Göktürk,10,2025-01-11
5,,,Göktürk,10,2025-01-12
5,,,Göktürk,10,2025-01-14
5,,,Göktürk,10,2025-01-15
5,,,Göktürk,10,2025-01-16
5,,,Göktürk,7,2025-01-17
5,,,Göktürk,10,2025-01-18
5,,,Göktürk,10,2025-01-19
5,,,Göktürk,7,2025-01-21
5,,,Göktürk,10,2025-01-22
5,,,Göktürk,10,2025-01-23
5,,,Göktürk,11,2025-01-24
5,,,Göktürk,10,2025-01-25
5,,,Göktürk,13,2025-01-26
5,,,Göktürk,10,2025-01-27
5,,,Göktürk,10,2025-01-28
5,,,Göktürk,10,2025-01-29
5,,,Göktürk,11,2025-01-30
5,,,Göktürk,11,2025-01-31
6,,,Göktürk,10,2025-01-01
6,,,Göktürk,13,2025-01-02
6,,,Göktürk,7,2025-01-03
6,,,Göktürk,10,2025-01-04
6,,,Göktürk,13,2025-01-05
6,,,Göktürk,13,2025-01-06
6,,,Göktürk,10,2025-01-08
6,,,Göktürk,10,2025-01-09
6,,,Göktürk,10,2025-01-10
6,,,Göktürk,13,2025-01-11
6,,,Göktürk,10,2025-01-12
6,,,Göktürk,13,2025-01-13
6,,,Göktürk,13,2025-01-15
6,,,Göktürk,13,2025-01-16
6,,,Göktürk,10,2025-01-17
6,,,Göktürk,11,2025-01-18
6,,,Göktürk,10,2025-01-19
6,,,Göktürk,10,2025-01-20
6,,,Göktürk,7,2025-01-21
6,,,Göktürk,6,2025-01-23
6,,,Göktürk,10,2025-01-24
6,,,Göktürk,10,2025-01-25
6,,,Göktürk,10,2025-01-26
6,,,Göktürk,10,2025-01-27
6,,,Göktürk,10,2025-01-28
7,,,Göktürk,10,2025-01-02
7,,,Göktürk,10,2025-01-03
7,,,Göktürk,10,2025-01-04
7,,,Göktürk,10,2025-01-05
7,,,Göktürk,10,2025-01-06
7,,,Göktürk,10,2025-01-08
7,,,Göktürk,10,2025-01-09
7,,,Göktürk,10,2025-01-10
7,,,Göktürk,10,2025-01-11
7,,,Göktürk,10,2025-01-12
7,,,Göktürk,10,2025-01-14
7,,,Göktürk,10,2025-01-15
7,,,Göktürk,10,2025-01-16
7,,,Göktürk,10,2025-01-17
7,,,Göktürk,10,2025-01-18
7,,,Göktürk,10,2025-01-20
7,,,Göktürk,10,2025-01-21
7,,,Göktürk,10,2025-01-22
7,,,Göktürk,10,2025-01-23
7,,,Göktürk,10,2025-01-24
7,,,Göktürk,10,2025-01-26
7,,,Göktürk,10,2025-01-27
7,,,Göktürk,10,2025-01-28
7,,,Göktürk,10,2025-01-29
7,,,Göktürk,10,2025-01-30
7,,,Göktürk,10,2025-01-31
10,,,Göktürk,12,2025-01-21
10,,,Göktürk,10,2025-01-22
10,,,Göktürk,10,2025-01-23
10,,,Göktürk,10,2025-01-24
10,,,Göktürk,10,2025-01-25
10,,,Göktürk,9,2025-01-26
10,,,Göktürk,10,2025-01-27
10,,,Göktürk,9,2025-01-28
10,,,Göktürk,10,2025-01-29
10,,,Göktürk,10,2025-01-30
10,,,Göktürk,10,2025-01-31
9,,,Göktürk,10,2025-02-01
9,,,Göktürk,10,2025-02-02
9,,,Göktürk,10,2025-02-03
9,,,Göktürk,9,2025-02-05
9,,,Göktürk,9,2025-02-06
9,,,Göktürk,10,2025-02-07
9,,,Göktürk,10,2025-02-08
9,,,Göktürk,10,2025-02-09
9,,,Göktürk,10,2025-02-11
9,,,Göktürk,9,2025-02-12
9,,,Göktürk,9,2025-02-13
9,,,Göktürk,9,2025-02-14
9,,,Göktürk,10,2025-02-15
9,,,Göktürk,10,2025-02-16
9,,,Göktürk,9,2025-02-18
9,,,Göktürk,9,2025-02-19
9,,,Göktürk,9,2025-02-20
9,,,Göktürk,9,2025-02-21
9,,,Göktürk,10,2025-02-22
9,,,Göktürk,9,2025-02-23
9,,,Göktürk,9,2025-02-25
9,,,Göktürk,10,2025-02-26
9,,,Göktürk,9,2025-02-27
9,,,Göktürk,9,2025-02-28
3,,,Göktürk,12,2025-02-01
3,,,Göktürk,9,2025-02-02
3,,,Göktürk,10,2025-02-03
3,,,Göktürk,9,2025-02-04
3,,,Göktürk,9,2025-02-05
3,,,Göktürk,9,2025-02-06
3,,,Göktürk,10,2025-02-07
3,,,Göktürk,9,2025-02-08
3,,,Göktürk,8,2025-02-09
4,,,Göktürk,8,2025-02-01
4,,,Göktürk,8,2025-02-02
4,,,Göktürk,8,2025-02-03
4,,,Göktürk,8,2025-02-04
4,,,Göktürk,8,2025-02-05
4,,,Göktürk,8,2025-02-06
4,,,Göktürk,8,2025-02-07
4,,,Göktürk,8,2025-02-08
4,,,Göktürk,8,2025-02-09
4,,,Göktürk,8,2025-02-10
4,,,Göktürk,8,2025-02-11
4,,,Göktürk,8,2025-02-12
4,,,Göktürk,8,2025-02-13
4,,,Göktürk,8,2025-02-14
4,,,Göktürk,8,2025-02-15
4,,,Göktürk,8,2025-02-16
4,,,Göktürk,8,2025-02-17
4,,,Göktürk,8,2025-02-18
4,,,Göktürk,8,2025-02-19
4,,,Göktürk,8,2025-02-20
4,,,Göktürk,8,2025-02-21
4,,,Göktürk,8,2025-02-22
4,,,Göktürk,8,2025-02-23
4,,,Göktürk,8,2025-02-24
4,,,Göktürk,8,2025-02-25
4,,,Göktürk,8,2025-02-26
4,,,Göktürk,8,2025-02-27
4,,,Göktürk,8,2025-02-28
8,,,Göktürk,10,2025-02-01
8,,,Göktürk,10,2025-02-02
8,,,Göktürk,10,2025-02-03
8,,,Göktürk,11,2025-02-04
8,,,Göktürk,11,2025-02-05
8,,,Göktürk,10,2025-02-07
8,,,Göktürk,10,2025-02-08
8,,,Göktürk,10,2025-02-09
8,,,Göktürk,13,2025-02-10
8,,,Göktürk,11,2025-02-11
8,,,Göktürk,10,2025-02-12
8,,,Göktürk,11,2025-02-14
8,,,Göktürk,10,2025-02-15
8,,,Göktürk,10,2025-02-16
8,,,Göktürk,13,2025-02-17
8,,,Göktürk,11,2025-02-18
8,,,Göktürk,10,2025-02-19
8,,,Göktürk,10,2025-02-20
8,,,Göktürk,10,2025-02-21
8,,,Göktürk,10,2025-02-22
8,,,Göktürk,10,2025-02-23
8,,,Göktürk,13,2025-02-24
8,,,Göktürk,10,2025-02-25
8,,,Göktürk,11,2025-02-26
8,,,Göktürk,10,2025-02-28
11,,,Göktürk,10,2025-02-02
11,,,Göktürk,10,2025-02-03
11,,,Göktürk,10,2025-02-04
11,,,Göktürk,10,2025-02-05
11,,,Göktürk,10,2025-02-06
11,,,Göktürk,9,2025-02-07
11,,,Göktürk,10,2025-02-08
11,,,Göktürk,10,2025-02-09
11,,,Göktürk,10,2025-02-10
11,,,Göktürk,10,2025-02-11
11,,,Göktürk,13,2025-02-13
11,,,Göktürk,10,2025-02-14
11,,,Göktürk,10,2025-02-15
11,,,Göktürk,10,2025-02-16
11,,,Göktürk,10,2025-02-17
11,,,Göktürk,10,2025-02-19
11,,,Göktürk,10,2025-02-20
11,,,Göktürk,10,2025-02-21
11,,,Göktürk,10,2025-02-22
11,,,Göktürk,10,2025-02-23
11,,,Göktürk,10,2025-02-24
11,,,Göktürk,10,2025-02-26
11,,,Göktürk,9,2025-02-27
11,,,Göktürk,10,2025-02-28
5,,,Göktürk,10,2025-02-01
5,,,Göktürk,10,2025-02-02
5,,,Göktürk,10,2025-02-03
5,,,Göktürk,11,2025-02-04
5,,,Göktürk,10,2025-02-05
5,,,Göktürk,13,2025-02-06
5,,,Göktürk,10,2025-02-07
5,,,Göktürk,9,2025-02-08
5,,,Göktürk,10,2025-02-09
5,,,Göktürk,10,2025-02-10
5,,,Göktürk,10,2025-02-11
5,,,Göktürk,10,2025-02-12
5,,,Göktürk,10,2025-02-15
5,,,Göktürk,10,2025-02-16
5,,,Göktürk,10,2025-02-17
5,,,Göktürk,9,2025-02-18
5,,,Göktürk,10,2025-02-19
5,,,Göktürk,9,2025-02-21
5,,,Göktürk,11,2025-02-22
5,,,Göktürk,10,2025-02-23
5,,,Göktürk,11,2025-02-25
5,,,Göktürk,11,2025-02-26
5,,,Göktürk,10,2025-02-27
5,,,Göktürk,11,2025-02-28
6,,,Göktürk,10,2025-02-09
6,,,Göktürk,10,2025-02-10
6,,,Göktürk,10,2025-02-12
6,,,Göktürk,10,2025-02-13
6,,,Göktürk,10,2025-02-14
6,,,Göktürk,10,2025-02-15
6,,,Göktürk,10,2025-02-16
6,,,Göktürk,10,2025-02-17
6,,,Göktürk,10,2025-02-18
6,,,Göktürk,10,2025-02-20
6,,,Göktürk,10,2025-02-21
6,,,Göktürk,10,2025-02-22
6,,,Göktürk,10,2025-02-23
6,,,Göktürk,10,2025-02-24
6,,,Göktürk,10,2025-02-25
6,,,Göktürk,10,2025-02-27
6,,,Göktürk,10,2025-02-28
7,,,Göktürk,10,2025-02-01
7,,,Göktürk,12,2025-02-02
7,,,Göktürk,12,2025-02-03
7,,,Göktürk,12,2025-02-04
7,,,Göktürk,10,2025-02-05
7,,,Göktürk,10,2025-02-06
7,,,Göktürk,11,2025-02-07
7,,,Göktürk,11,2025-02-08
7,,,Göktürk,10,2025-02-09
7,,,Göktürk,11,2025-02-11
7,,,Göktürk,10,2025-02-12
7,,,Göktürk,11,2025-02-13
7,,,Göktürk,10,2025-02-14
7,,,Göktürk,8,2025-02-15
7,,,Göktürk,10,2025-02-19
7,,,Göktürk,11,2025-02-20
7,,,Göktürk,10,2025-02-21
7,,,Göktürk,11,2025-02-22
7,,,Göktürk,10,2025-02-23
7,,,Göktürk,10,2025-02-24
7,,,Göktürk,10,2025-02-26
7,,,Göktürk,10,2025-02-27
7,,,Göktürk,10,2025-02-28
10,,,Göktürk,10,2025-02-01
10,,,Göktürk,11,2025-02-02
10,,,Göktürk,12,2025-02-03
10,,,Göktürk,12,2025-02-04
10,,,Göktürk,11,2025-02-05
10,,,Göktürk,11,2025-02-07
10,,,Göktürk,11,2025-02-08
10,,,Göktürk,10,2025-02-09
10,,,Göktürk,11,2025-02-10
10,,,Göktürk,10,2025-02-11
10,,,Göktürk,10,2025-02-13
10,,,Göktürk,10,2025-02-14
10,,,Göktürk,10,2025-02-15
10,,,Göktürk,10,2025-02-16
10,,,Göktürk,10,2025-02-17
10,,,Göktürk,10,2025-02-18
10,,,Göktürk,10,2025-02-19
10,,,Göktürk,10,2025-02-20
10,,,Göktürk,11,2025-02-22
10,,,Göktürk,10,2025-02-23
10,,,Göktürk,10,2025-02-24
10,,,Göktürk,11,2025-02-25
10,,,Göktürk,10,2025-02-26
10,,,Göktürk,11,2025-02-28
9,,,Göktürk,10,2025-03-01
9,,,Göktürk,10,2025-03-02
9,,,Göktürk,9,2025-03-04
9,,,Göktürk,13,2025-03-05
9,,,Göktürk,9,2025-03-06
9,,,Göktürk,9,2025-03-07
9,,,Göktürk,10,2025-03-08
9,,,Göktürk,10,2025-03-09
9,,,Göktürk,9,2025-03-11
9,,,Göktürk,9,2025-03-12
9,,,Göktürk,9,2025-03-13
9,,,Göktürk,9,2025-03-14
12,,,Göktürk,10,2025-03-15
12,,,Göktürk,10,2025-03-16
12,,,Göktürk,10,2025-03-17
12,,,Göktürk,10,2025-03-18
12,,,Göktürk,10,2025-03-19
12,,,Göktürk,10,2025-03-20
12,,,Göktürk,10,2025-03-21
12,,,Göktürk,10,2025-03-22
12,,,Göktürk,10,2025-03-23
12,,,Göktürk,10,2025-03-24
12,,,Göktürk,10,2025-03-25
12,,,Göktürk,10,2025-03-26
12,,,Göktürk,10,2025-03-27
12,,,Göktürk,10,2025-03-28
12,,,Göktürk,13,2025-03-29
12,,,Göktürk,10,2025-03-30
12,,,Göktürk,10,2025-03-31
4,,,Göktürk,8,2025-03-01
4,,,Göktürk,8,2025-03-02
4,,,Göktürk,8,2025-03-03
4,,,Göktürk,8,2025-03-04
4,,,Göktürk,8,2025-03-05
4,,,Göktürk,8,2025-03-06
4,,,Göktürk,8,2025-03-07
4,,,Göktürk,8,2025-03-08
4,,,Göktürk,8,2025-03-10
4,,,Göktürk,8,2025-03-11
4,,,Göktürk,8,2025-03-12
4,,,Göktürk,8,2025-03-13
4,,,Göktürk,8,2025-03-14
4,,,Göktürk,8,2025-03-16
4,,,Göktürk,8,2025-03-17
4,,,Göktürk,8,2025-03-18
4,,,Göktürk,8,2025-03-19
4,,,Göktürk,8,2025-03-20
4,,,Göktürk,8,2025-03-21
4,,,Göktürk,8,2025-03-22
4,,,Göktürk,8,2025-03-23
4,,,Göktürk,8,2025-03-24
4,,,Göktürk,8,2025-03-25
4,,,Göktürk,8,2025-03-26
4,,,Göktürk,8,2025-03-27
4,,,Göktürk,8,2025-03-28
4,,,Göktürk,8,2025-03-29
4,,,Göktürk,8,2025-03-30
4,,,Göktürk,8,2025-03-31
8,,,Göktürk,10,2025-03-01
8,,,Göktürk,12,2025-03-02
8,,,Göktürk,12,2025-03-03
8,,,Göktürk,12,2025-03-04
8,,,Göktürk,12,2025-03-06
8,,,Göktürk,10,2025-03-07
8,,,Göktürk,11,2025-03-08
8,,,Göktürk,10,2025-03-09
8,,,Göktürk,10,2025-03-10
8,,,Göktürk,13,2025-03-11
8,,,Göktürk,13,2025-03-12
8,,,Göktürk,13,2025-03-14
8,,,Göktürk,13,2025-03-15
8,,,Göktürk,13,2025-03-16
8,,,Göktürk,13,2025-03-17
8,,,Göktürk,13,2025-03-19
8,,,Göktürk,13,2025-03-20
8,,,Göktürk,13,2025-03-21
8,,,Göktürk,13,2025-03-22
8,,,Göktürk,13,2025-03-23
8,,,Göktürk,13,2025-03-24
8,,,Göktürk,13,2025-03-25
8,,,Göktürk,13,2025-03-26
8,,,Göktürk,13,2025-03-27
8,,,Göktürk,13,2025-03-28
8,,,Göktürk,10,2025-03-30
8,,,Göktürk,13,2025-03-31
11,,,Göktürk,10,2025-03-01
11,,,Göktürk,10,2025-03-02
11,,,Göktürk,10,2025-03-03
11,,,Göktürk,10,2025-03-05
11,,,Göktürk,10,2025-03-06
11,,,Göktürk,10,2025-03-07
11,,,Göktürk,10,2025-03-08
13,,,Göktürk,10,2025-03-01
13,,,Göktürk,8,2025-03-02
13,,,Göktürk,11,2025-03-03
13,,,Göktürk,11,2025-03-05
13,,,Göktürk,12,2025-03-06
13,,,Göktürk,11,2025-03-07
13,,,Göktürk,11,2025-03-08
13,,,Göktürk,11,2025-03-09
13,,,Göktürk,11,2025-03-10
13,,,Göktürk,10,2025-03-11
13,,,Göktürk,11,2025-03-12
13,,,Göktürk,14,2025-03-13
13,,,Göktürk,9,2025-03-14
13,,,Göktürk,10,2025-03-15
13,,,Göktürk,11,2025-03-16
13,,,Göktürk,11,2025-03-17
13,,,Göktürk,11,2025-03-18
13,,,Göktürk,10,2025-03-20
13,,,Göktürk,14,2025-03-21
13,,,Göktürk,14,2025-03-22
13,,,Göktürk,11,2025-03-23
13,,,Göktürk,15,2025-03-24
13,,,Göktürk,10,2025-03-25
13,,,Göktürk,12,2025-03-26
13,,,Göktürk,10,2025-03-27
13,,,Göktürk,11,2025-03-28
13,,,Göktürk,10,2025-03-29
13,,,Göktürk,13,2025-03-30
13,,,Göktürk,11,2025-03-31
14,,,Göktürk,10,2025-03-21
14,,,Göktürk,10,2025-03-22
14,,,Göktürk,10,2025-03-24
14,,,Göktürk,10,2025-03-25
14,,,Göktürk,10,2025-03-26
14,,,Göktürk,10,2025-03-27
14,,,Göktürk,10,2025-03-28
14,,,Göktürk,10,2025-03-29
14,,,Göktürk,10,2025-03-30
15,,,Göktürk,10,2025-03-21
15,,,Göktürk,10,2025-03-22
15,,,Göktürk,10,2025-03-23
15,,,Göktürk,13,2025-03-25
15,,,Göktürk,10,2025-03-26
15,,,Göktürk,10,2025-03-27
15,,,Göktürk,10,2025-03-28
15,,,Göktürk,10,2025-03-29
15,,,Göktürk,10,2025-03-30
15,,,Göktürk,14,2025-03-31
16,,,Göktürk,10,2025-03-21
16,,,Göktürk,10,2025-03-22
16,,,Göktürk,10,2025-03-23
16,,,Göktürk,12,2025-03-24
16,,,Göktürk,10,2025-03-26
16,,,Göktürk,10,2025-03-27
16,,,Göktürk,10,2025-03-28
16,,,Göktürk,10,2025-03-29
16,,,Göktürk,10,2025-03-30
16,,,Göktürk,8,2025-03-31
17,,,Göktürk,10,2025-04-01
17,,,Göktürk,10,2025-04-02
17,,,Göktürk,10,2025-04-03
17,,,Göktürk,10,2025-04-04
17,,,Göktürk,10,2025-04-05
17,,,Göktürk,10,2025-04-06
17,,,Göktürk,10,2025-04-07
17,,,Göktürk,11,2025-04-09
17,,,Göktürk,10,2025-04-10
17,,,Göktürk,10,2025-04-11
17,,,Göktürk,10,2025-04-12
17,,,Göktürk,10,2025-04-13
17,,,Göktürk,10,2025-04-14
17,,,Göktürk,10,2025-04-15
17,,,Göktürk,13,2025-04-17
17,,,Göktürk,10,2025-04-18
17,,,Göktürk,10,2025-04-19
17,,,Göktürk,10,2025-04-20
17,,,Göktürk,10,2025-04-21
17,,,Göktürk,13,2025-04-22
17,,,Göktürk,13,2025-04-24
17,,,Göktürk,13,2025-04-25
18,,,Göktürk,10,2025-04-05
18,,,Göktürk,10,2025-04-06
18,,,Göktürk,10,2025-04-07
18,,,Göktürk,10,2025-04-08
18,,,Göktürk,10,2025-04-09
18,,,Göktürk,10,2025-04-10
18,,,Göktürk,10,2025-04-11
18,,,Göktürk,10,2025-04-12
18,,,Göktürk,11,2025-04-13
18,,,Göktürk,10,2025-04-15
18,,,Göktürk,10,2025-04-16
18,,,Göktürk,10,2025-04-17
18,,,Göktürk,10,2025-04-18
18,,,Göktürk,10,2025-04-19
18,,,Göktürk,10,2025-04-20
18,,,Göktürk,10,2025-04-22
18,,,Göktürk,10,2025-04-23
18,,,Göktürk,10,2025-04-24
18,,,Göktürk,10,2025-04-25
4,,,Göktürk,8,2025-04-01
4,,,Göktürk,8,2025-04-02
4,,,Göktürk,8,2025-04-03
4,,,Göktürk,8,2025-04-04
4,,,Göktürk,8,2025-04-05
4,,,Göktürk,8,2025-04-06
4,,,Göktürk,8,2025-04-07
4,,,Göktürk,8,2025-04-08
4,,,Göktürk,8,2025-04-09
4,,,Göktürk,8,2025-04-10
4,,,Göktürk,8,2025-04-11
4,,,Göktürk,8,2025-04-12
4,,,Göktürk,8,2025-04-13
4,,,Göktürk,8,2025-04-14
4,,,Göktürk,8,2025-04-15
4,,,Göktürk,8,2025-04-16
4,,,Göktürk,8,2025-04-17
4,,,Göktürk,8,2025-04-18
4,,,Göktürk,8,2025-04-19
4,,,Göktürk,8,2025-04-20
4,,,Göktürk,8,2025-04-21
4,,,Göktürk,8,2025-04-22
4,,,Göktürk,8,2025-04-23
4,,,Göktürk,8,2025-04-24
4,,,Göktürk,8,2025-04-25
8,,,Göktürk,13,2025-04-01
8,,,Göktürk,13,2025-04-02
8,,,Göktürk,13,2025-04-03
8,,,Göktürk,13,2025-04-05
8,,,Göktürk,13,2025-04-06
8,,,Göktürk,13,2025-04-07
8,,,Göktürk,13,2025-04-08
8,,,Göktürk,10,2025-04-10
8,,,Göktürk,10,2025-04-11
8,,,Göktürk,10,2025-04-12
8,,,Göktürk,10,2025-04-13
8,,,Göktürk,10,2025-04-14
8,,,Göktürk,10,2025-04-15
8,,,Göktürk,13,2025-04-16
8,,,Göktürk,10,2025-04-18
8,,,Göktürk,10,2025-04-19
8,,,Göktürk,13,2025-04-20
8,,,Göktürk,10,2025-04-21
8,,,Göktürk,13,2025-04-23
8,,,Göktürk,10,2025-04-24
8,,,Göktürk,10,2025-04-25
13,,,Göktürk,11,2025-04-01
13,,,Göktürk,10,2025-04-02
13,,,Göktürk,10,2025-04-03
13,,,Göktürk,10,2025-04-04
13,,,Göktürk,10,2025-04-05
13,,,Göktürk,10,2025-04-06
13,,,Göktürk,11,2025-04-08
13,,,Göktürk,11,2025-04-09
13,,,Göktürk,11,2025-04-10
13,,,Göktürk,10,2025-04-11
13,,,Göktürk,10,2025-04-12
13,,,Göktürk,10,2025-04-13
13,,,Göktürk,12,2025-04-15
13,,,Göktürk,9,2025-04-16
13,,,Göktürk,10,2025-04-17
13,,,Göktürk,8,2025-04-18
13,,,Göktürk,11,2025-04-19
13,,,Göktürk,10,2025-04-20
13,,,Göktürk,9,2025-04-21
13,,,Göktürk,10,2025-04-22
13,,,Göktürk,13,2025-04-23
13,,,Göktürk,13,2025-04-24
13,,,Göktürk,11,2025-04-25
13,,,Göktürk,10,2025-04-26
13,,,Göktürk,10,2025-04-27
19,,,Göktürk,10,2025-04-05
19,,,Göktürk,10,2025-04-06
19,,,Göktürk,11,2025-04-07
19,,,Göktürk,11,2025-04-08
19,,,Göktürk,10,2025-04-09
19,,,Göktürk,11,2025-04-10
19,,,Göktürk,10,2025-04-12
19,,,Göktürk,11,2025-04-13
19,,,Göktürk,10,2025-04-14
19,,,Göktürk,12,2025-04-15
19,,,Göktürk,12,2025-04-17
19,,,Göktürk,10,2025-04-18
19,,,Göktürk,10,2025-04-19
19,,,Göktürk,10,2025-04-20
19,,,Göktürk,10,2025-04-21
19,,,Göktürk,10,2025-04-22
19,,,Göktürk,8,2025-04-23
19,,,Göktürk,10,2025-04-24
19,,,Göktürk,10,2025-04-25
19,,,Göktürk,10,2025-04-27
15,,,Göktürk,10,2025-04-01
15,,,Göktürk,10,2025-04-03
15,,,Göktürk,10,2025-04-04
15,,,Göktürk,10,2025-04-05
15,,,Göktürk,10,2025-04-06
15,,,Göktürk,11,2025-04-07
15,,,Göktürk,10,2025-04-08
15,,,Göktürk,10,2025-04-09
15,,,Göktürk,10,2025-04-11
15,,,Göktürk,10,2025-04-12
15,,,Göktürk,10,2025-04-13
15,,,Göktürk,10,2025-04-14
15,,,Göktürk,14,2025-04-15
15,,,Göktürk,10,2025-04-16
15,,,Göktürk,8,2025-04-18
15,,,Göktürk,9,2025-04-19
15,,,Göktürk,10,2025-04-20
15,,,Göktürk,10,2025-04-21
15,,,Göktürk,10,2025-04-22
15,,,Göktürk,10,2025-04-23
15,,,Göktürk,10,2025-04-25
15,,,Göktürk,11,2025-04-26
15,,,Göktürk,10,2025-04-27
16,,,Göktürk,10,2025-04-02
16,,,Göktürk,10,2025-04-03
16,,,Göktürk,10,2025-04-04
16,,,Göktürk,10,2025-04-05
16,,,Göktürk,10,2025-04-06
16,,,Göktürk,9,2025-04-07
16,,,Göktürk,11,2025-04-09
16,,,Göktürk,14,2025-04-10
16,,,Göktürk,10,2025-04-11
16,,,Göktürk,10,2025-04-12
16,,,Göktürk,11,2025-04-13
16,,,Göktürk,10,2025-04-14
16,,,Göktürk,11,2025-04-16
16,,,Göktürk,11,2025-04-17
16,,,Göktürk,10,2025-04-18
16,,,Göktürk,10,2025-04-19
16,,,Göktürk,10,2025-04-20
16,,,Göktürk,10,2025-04-21
16,,,Göktürk,12,2025-04-24
16,,,Göktürk,10,2025-04-25
16,,,Göktürk,10,2025-04-26
16,,,Göktürk,10,2025-04-27
20,,,Yenibosna,11,2024-11-01
20,,,Yenibosna,11,2024-11-04
20,,,Yenibosna,11,2024-11-05
20,,,Yenibosna,10,2024-11-06
20,,,Yenibosna,11,2024-11-07
20,,,Yenibosna,11,2024-11-08
20,,,Yenibosna,11,2024-11-09
20,,,Yenibosna,11,2024-11-11
20,,,Yenibosna,11,2024-11-12
20,,,Yenibosna,11,2024-11-13
20,,,Yenibosna,11,2024-11-14
20,,,Yenibosna,11,2024-11-15
20,,,Yenibosna,11,2024-11-16
20,,,Yenibosna,11,2024-11-17
20,,,Yenibosna,11,2024-11-18
20,,,Yenibosna,11,2024-11-19
20,,,Yenibosna,11,2024-11-20
20,,,Yenibosna,11,2024-11-21
20,,,Yenibosna,11,2024-11-22
20,,,Yenibosna,11,2024-11-23
20,,,Yenibosna,11,2024-11-24
20,,,Yenibosna,11,2024-11-25
20,,,Yenibosna,11,2024-11-26
20,,,Yenibosna,11,2024-11-27
21,,,Yenibosna,15,2024-11-01
21,,,Yenibosna,15,2024-11-02
21,,,Yenibosna,13,2024-11-03
21,,,Yenibosna,13.5,2024-11-05
21,,,Yenibosna,13.5,2024-11-06
21,,,Yenibosna,13.5,2024-11-07
21,,,Yenibosna,13.5,2024-11-08
21,,,Yenibosna,13.5,2024-11-09
21,,,Yenibosna,13.5,2024-11-10
21,,,Yenibosna,13.5,2024-11-11
21,,,Yenibosna,14,2024-11-12
21,,,Yenibosna,13.5,2024-11-13
21,,,Yenibosna,14,2024-11-14
21,,,Yenibosna,14,2024-11-15
21,,,Yenibosna,14.5,2024-11-16
21,,,Yenibosna,13.5,2024-11-17
21,,,Yenibosna,14.5,2024-11-18
21,,,Yenibosna,13.5,2024-11-19
21,,,Yenibosna,14,2024-11-20
21,,,Yenibosna,14,2024-11-21
21,,,Yenibosna,13.5,2024-11-22
21,,,Yenibosna,14.5,2024-11-23
21,,,Yenibosna,14,2024-11-24
21,,,Yenibosna,14,2024-11-25
21,,,Yenibosna,15,2024-11-26
21,,,Yenibosna,15,2024-11-27
21,,,Yenibosna,15,2024-11-28
21,,,Yenibosna,15,2024-11-29
21,,,Yenibosna,14,2024-11-30
22,,,Yenibosna,11,2024-11-01
22,,,Yenibosna,11,2024-11-02
22,,,Yenibosna,11,2024-11-03
22,,,Yenibosna,11,2024-11-04
22,,,Yenibosna,11,2024-11-05
22,,,Yenibosna,11,2024-11-06
22,,,Yenibosna,11,2024-11-07
22,,,Yenibosna,11,2024-11-08
22,,,Yenibosna,11,2024-11-09
22,,,Yenibosna,13,2024-11-10
22,,,Yenibosna,13.5,2024-11-11
22,,,Yenibosna,14.5,2024-11-12
22,,,Yenibosna,13,2024-11-13
22,,,Yenibosna,13.5,2024-11-14
22,,,Yenibosna,13.5,2024-11-15
22,,,Yenibosna,14.5,2024-11-16
22,,,Yenibosna,14.5,2024-11-17
22,,,Yenibosna,14.5,2024-11-18
22,,,Yenibosna,13.5,2024-11-19
22,,,Yenibosna,13.5,2024-11-20
22,,,Yenibosna,14.5,2024-11-22
22,,,Yenibosna,14.5,2024-11-23
22,,,Yenibosna,14.5,2024-11-24
22,,,Yenibosna,11.5,2024-11-25
22,,,Yenibosna,13.5,2024-11-26
22,,,Yenibosna,14,2024-11-27
22,,,Yenibosna,11.5,2024-11-28
22,,,Yenibosna,14.5,2024-11-29
22,,,Yenibosna,14.5,2024-11-30
23,,,Yenibosna,11,2024-11-01
23,,,Yenibosna,11,2024-11-02
23,,,Yenibosna,11,2024-11-03
23,,,Yenibosna,11,2024-11-04
23,,,Yenibosna,11,2024-11-06
23,,,Yenibosna,11,2024-11-07
23,,,Yenibosna,11,2024-11-08
23,,,Yenibosna,11,2024-11-09
23,,,Yenibosna,10,2024-11-10
23,,,Yenibosna,11,2024-11-11
23,,,Yenibosna,11,2024-11-13
23,,,Yenibosna,11,2024-11-14
23,,,Yenibosna,11,2024-11-15
23,,,Yenibosna,11,2024-11-16
23,,,Yenibosna,11,2024-11-17
23,,,Yenibosna,11,2024-11-18
23,,,Yenibosna,11,2024-11-20
23,,,Yenibosna,11,2024-11-21
23,,,Yenibosna,11,2024-11-22
23,,,Yenibosna,11,2024-11-23
23,,,Yenibosna,11,2024-11-24
23,,,Yenibosna,11,2024-11-25
23,,,Yenibosna,11,2024-11-27
23,,,Yenibosna,11,2024-11-28
23,,,Yenibosna,11,2024-11-29
23,,,Yenibosna,11,2024-11-30
24,,,Yenibosna,11,2024-11-01
24,,,Yenibosna,11,2024-11-02
24,,,Yenibosna,11,2024-11-04
24,,,Yenibosna,10,2024-11-05
24,,,Yenibosna,11,2024-11-06
24,,,Yenibosna,11,2024-11-07
24,,,Yenibosna,11,2024-11-08
24,,,Yenibosna,11,2024-11-10
24,,,Yenibosna,9,2024-11-11
24,,,Yenibosna,11,2024-11-12
24,,,Yenibosna,11,2024-11-13
24,,,Yenibosna,11,2024-11-14
24,,,Yenibosna,11,2024-11-15
24,,,Yenibosna,11,2024-11-18
24,,,Yenibosna,11,2024-11-19
24,,,Yenibosna,11,2024-11-20
24,,,Yenibosna,11,2024-11-21
24,,,Yenibosna,11,2024-11-22
24,,,Yenibosna,11,2024-11-24
24,,,Yenibosna,11,2024-11-25
24,,,Yenibosna,11,2024-11-26
24,,,Yenibosna,11,2024-11-27
24,,,Yenibosna,11,2024-11-28
24,,,Yenibosna,11,2024-11-29
25,,,Yenibosna,11,2024-11-01
25,,,Yenibosna,11,2024-11-02
25,,,Yenibosna,11,2024-11-03
25,,,Yenibosna,11,2024-11-04
25,,,Yenibosna,11,2024-11-05
25,,,Yenibosna,11,2024-11-18
25,,,Yenibosna,11,2024-11-19
25,,,Yenibosna,11,2024-11-20
25,,,Yenibosna,11,2024-11-22
25,,,Yenibosna,11,2024-11-23
25,,,Yenibosna,11,2024-11-24
25,,,Yenibosna,11,2024-11-25
25,,,Yenibosna,11,2024-11-26
25,,,Yenibosna,11,2024-11-27
25,,,Yenibosna,11,2024-11-29
25,,,Yenibosna,11,2024-11-30
26,,,Yenibosna,11,2024-11-01
26,,,Yenibosna,11,2024-11-02
26,,,Yenibosna,11,2024-11-03
26,,,Yenibosna,11,2024-11-04
26,,,Yenibosna,11,2024-11-05
26,,,Yenibosna,11,2024-11-06
26,,,Yenibosna,11,2024-11-08
26,,,Yenibosna,11,2024-11-09
26,,,Yenibosna,11,2024-11-10
26,,,Yenibosna,11,2024-11-11
26,,,Yenibosna,11,2024-11-12
26,,,Yenibosna,11,2024-11-13
26,,,Yenibosna,11,2024-11-15
26,,,Yenibosna,11,2024-11-16
26,,,Yenibosna,11,2024-11-17
26,,,Yenibosna,11,2024-11-18
26,,,Yenibosna,11,2024-11-19
26,,,Yenibosna,11,2024-11-20
26,,,Yenibosna,11,2024-11-22
26,,,Yenibosna,11,2024-11-23
26,,,Yenibosna,11,2024-11-24
26,,,Yenibosna,11,2024-11-26
26,,,Yenibosna,11,2024-11-27
26,,,Yenibosna,11,2024-11-28
26,,,Yenibosna,11,2024-11-29
26,,,Yenibosna,11,2024-11-30
27,,,Yenibosna,11,2024-11-01
27,,,Yenibosna,11,2024-11-02
27,,,Yenibosna,11,2024-11-03
27,,,Yenibosna,11,2024-11-04
27,,,Yenibosna,11,2024-11-06
27,,,Yenibosna,11,2024-11-07
27,,,Yenibosna,11,2024-11-08
27,,,Yenibosna,11,2024-11-09
27,,,Yenibosna,11,2024-11-10
27,,,Yenibosna,11,2024-11-11
27,,,Yenibosna,11,2024-11-13
27,,,Yenibosna,11,2024-11-14
27,,,Yenibosna,11,2024-11-15
27,,,Yenibosna,11,2024-11-16
27,,,Yenibosna,11,2024-11-17
27,,,Yenibosna,5.5,2024-11-18
27,,,Yenibosna,7.5,2024-11-19
27,,,Yenibosna,11,2024-11-21
27,,,Yenibosna,8,2024-11-22
27,,,Yenibosna,11,2024-11-23
27,,,Yenibosna,11,2024-11-24
27,,,Yenibosna,14,2024-11-25
27,,,Yenibosna,11,2024-11-26
27,,,Yenibosna,11,2024-11-27
27,,,Yenibosna,12,2024-11-28
27,,,Yenibosna,11,2024-11-29
27,,,Yenibosna,11,2024-11-30
28,,,Yenibosna,11,2024-11-03
28,,,Yenibosna,11,2024-11-04
28,,,Yenibosna,11,2024-11-05
28,,,Yenibosna,11,2024-11-06
28,,,Yenibosna,11,2024-11-07
28,,,Yenibosna,11,2024-11-08
28,,,Yenibosna,11,2024-11-09
28,,,Yenibosna,11,2024-11-10
28,,,Yenibosna,11,2024-11-11
28,,,Yenibosna,11,2024-11-12
28,,,Yenibosna,11,2024-11-13
28,,,Yenibosna,11,2024-11-14
28,,,Yenibosna,11,2024-11-15
28,,,Yenibosna,11,2024-11-16
28,,,Yenibosna,11,2024-11-17
28,,,Yenibosna,11,2024-11-18
28,,,Yenibosna,10,2024-11-19
28,,,Yenibosna,11,2024-11-20
28,,,Yenibosna,11,2024-11-21
28,,,Yenibosna,14,2024-11-22
28,,,Yenibosna,11,2024-11-23
28,,,Yenibosna,11,2024-11-24
28,,,Yenibosna,11,2024-11-25
28,,,Yenibosna,11,2024-11-30
29,,,Yenibosna,11,2024-11-01
29,,,Yenibosna,11,2024-11-02
29,,,Yenibosna,11,2024-11-03
29,,,Yenibosna,10,2024-11-05
29,,,Yenibosna,11,2024-11-06
29,,,Yenibosna,11,2024-11-07
29,,,Yenibosna,11,2024-11-08
29,,,Yenibosna,11,2024-11-09
29,,,Yenibosna,11,2024-11-10
29,,,Yenibosna,11,2024-11-12
29,,,Yenibosna,11,2024-11-13
29,,,Yenibosna,11,2024-11-14
29,,,Yenibosna,11,2024-11-15
29,,,Yenibosna,11,2024-11-16
29,,,Yenibosna,11,2024-11-17
29,,,Yenibosna,11,2024-11-19
29,,,Yenibosna,11,2024-11-20
29,,,Yenibosna,11,2024-11-21
29,,,Yenibosna,11,2024-11-22
29,,,Yenibosna,11,2024-11-23
29,,,Yenibosna,11,2024-11-24
29,,,Yenibosna,11,2024-11-26
29,,,Yenibosna,11,2024-11-27
29,,,Yenibosna,11,2024-11-28
29,,,Yenibosna,3,2024-11-29
30,,,Yenibosna,11,2024-11-01
30,,,Yenibosna,11,2024-11-02
30,,,Yenibosna,11,2024-11-03
30,,,Yenibosna,11,2024-11-04
30,,,Yenibosna,11,2024-11-05
30,,,Yenibosna,11,2024-11-06
30,,,Yenibosna,11,2024-11-08
30,,,Yenibosna,11,2024-11-09
30,,,Yenibosna,11,2024-11-10
30,,,Yenibosna,11,2024-11-11
30,,,Yenibosna,11,2024-11-12
30,,,Yenibosna,11,2024-11-14
30,,,Yenibosna,11,2024-11-15
30,,,Yenibosna,11,2024-11-20
30,,,Yenibosna,11,2024-11-21
30,,,Yenibosna,11,2024-11-22
30,,,Yenibosna,11,2024-11-23
30,,,Yenibosna,11,2024-11-24
30,,,Yenibosna,11,2024-11-25
30,,,Yenibosna,11,2024-11-26
30,,,Yenibosna,11,2024-11-28
30,,,Yenibosna,11,2024-11-29
30,,,Yenibosna,11,2024-11-30
31,,,Yenibosna,11,2024-11-06
31,,,Yenibosna,11,2024-11-07
31,,,Yenibosna,11,2024-11-08
31,,,Yenibosna,11,2024-11-09
31,,,Yenibosna,11,2024-11-10
31,,,Yenibosna,11,2024-11-11
31,,,Yenibosna,11,2024-11-12
31,,,Yenibosna,11,2024-11-13
31,,,Yenibosna,11,2024-11-14
31,,,Yenibosna,11,2024-11-15
31,,,Yenibosna,11,2024-11-16
31,,,Yenibosna,11,2024-11-17
31,,,Yenibosna,11,2024-11-18
31,,,Yenibosna,11,2024-11-19
31,,,Yenibosna,11,2024-11-20
31,,,Yenibosna,11,2024-11-21
31,,,Yenibosna,11,2024-11-22
31,,,Yenibosna,11,2024-11-23
31,,,Yenibosna,11,2024-11-24
31,,,Yenibosna,11,2024-11-25
31,,,Yenibosna,11,2024-11-26
31,,,Yenibosna,11,2024-11-27
31,,,Yenibosna,11,2024-11-28
31,,,Yenibosna,11,2024-11-29
31,,,Yenibosna,11,2024-11-30
21,,,Yenibosna,14,2024-12-01
21,,,Yenibosna,13.5,2024-12-02
21,,,Yenibosna,13.5,2024-12-03
21,,,Yenibosna,13.5,2024-12-04
21,,,Yenibosna,14,2024-12-05
21,,,Yenibosna,14,2024-12-06
21,,,Yenibosna,14,2024-12-07
21,,,Yenibosna,14,2024-12-08
21,,,Yenibosna,15,2024-12-09
21,,,Yenibosna,13.5,2024-12-10
21,,,Yenibosna,13.5,2024-12-12
21,,,Yenibosna,14,2024-12-13
21,,,Yenibosna,14.5,2024-12-14
21,,,Yenibosna,14,2024-12-15
21,,,Yenibosna,14,2024-12-16
21,,,Yenibosna,14,2024-12-17
21,,,Yenibosna,14,2024-12-18
21,,,Yenibosna,14,2024-12-19
21,,,Yenibosna,14,2024-12-20
21,,,Yenibosna,14.5,2024-12-21
21,,,Yenibosna,14,2024-12-22
21,,,Yenibosna,14,2024-12-23
21,,,Yenibosna,14,2024-12-24
21,,,Yenibosna,14,2024-12-25
21,,,Yenibosna,14,2024-12-26
21,,,Yenibosna,13,2024-12-27
22,,,Yenibosna,11,2024-12-02
22,,,Yenibosna,14,2024-12-03
22,,,Yenibosna,14,2024-12-04
22,,,Yenibosna,14,2024-12-05
22,,,Yenibosna,14,2024-12-06
22,,,Yenibosna,14,2024-12-07
22,,,Yenibosna,14.5,2024-12-08
22,,,Yenibosna,14,2024-12-09
22,,,Yenibosna,13.5,2024-12-10
22,,,Yenibosna,14.5,2024-12-11
22,,,Yenibosna,11,2024-12-12
22,,,Yenibosna,14,2024-12-13
22,,,Yenibosna,14,2024-12-14
22,,,Yenibosna,14.5,2024-12-16
22,,,Yenibosna,13.5,2024-12-17
22,,,Yenibosna,11,2024-12-18
22,,,Yenibosna,13.5,2024-12-19
22,,,Yenibosna,14.5,2024-12-20
22,,,Yenibosna,14.5,2024-12-21
22,,,Yenibosna,14.5,2024-12-22
22,,,Yenibosna,14.5,2024-12-23
22,,,Yenibosna,14,2024-12-24
23,,,Yenibosna,11,2024-12-01
23,,,Yenibosna,11,2024-12-02
23,,,Yenibosna,11,2024-12-03
23,,,Yenibosna,11,2024-12-04
23,,,Yenibosna,11,2024-12-07
23,,,Yenibosna,11,2024-12-08
23,,,Yenibosna,11,2024-12-09
23,,,Yenibosna,11,2024-12-11
23,,,Yenibosna,11,2024-12-12
23,,,Yenibosna,11,2024-12-13
23,,,Yenibosna,11,2024-12-14
23,,,Yenibosna,11,2024-12-15
23,,,Yenibosna,11,2024-12-16
23,,,Yenibosna,11,2024-12-18
23,,,Yenibosna,11,2024-12-19
23,,,Yenibosna,11,2024-12-20
23,,,Yenibosna,11,2024-12-21
23,,,Yenibosna,11,2024-12-22
23,,,Yenibosna,11,2024-12-23
23,,,Yenibosna,11,2024-12-25
23,,,Yenibosna,11,2024-12-26
23,,,Yenibosna,11,2024-12-27
23,,,Yenibosna,14,2024-12-28
23,,,Yenibosna,11,2024-12-29
23,,,Yenibosna,11,2024-12-30
24,,,Yenibosna,11,2024-12-01
24,,,Yenibosna,11,2024-12-02
24,,,Yenibosna,11,2024-12-03
24,,,Yenibosna,11,2024-12-04
24,,,Yenibosna,11,2024-12-05
24,,,Yenibosna,10,2024-12-06
24,,,Yenibosna,11,2024-12-08
24,,,Yenibosna,9,2024-12-09
24,,,Yenibosna,11,2024-12-10
24,,,Yenibosna,11,2024-12-11
24,,,Yenibosna,11,2024-12-12
24,,,Yenibosna,11,2024-12-13
24,,,Yenibosna,11,2024-12-15
24,,,Yenibosna,10,2024-12-16
24,,,Yenibosna,11,2024-12-17
24,,,Yenibosna,11,2024-12-18
24,,,Yenibosna,11,2024-12-19
24,,,Yenibosna,13,2024-12-20
24,,,Yenibosna,13,2024-12-22
24,,,Yenibosna,13,2024-12-23
24,,,Yenibosna,11,2024-12-24
24,,,Yenibosna,11,2024-12-25
24,,,Yenibosna,11,2024-12-26
24,,,Yenibosna,11,2024-12-27
24,,,Yenibosna,11,2024-12-29
24,,,Yenibosna,11,2024-12-30
24,,,Yenibosna,13.5,2024-12-31
25,,,Yenibosna,11,2024-12-01
25,,,Yenibosna,11,2024-12-03
25,,,Yenibosna,11,2024-12-04
25,,,Yenibosna,11,2024-12-05
25,,,Yenibosna,11,2024-12-06
25,,,Yenibosna,11,2024-12-07
25,,,Yenibosna,11,2024-12-08
25,,,Yenibosna,11,2024-12-09
25,,,Yenibosna,11,2024-12-10
25,,,Yenibosna,11,2024-12-11
25,,,Yenibosna,11,2024-12-13
25,,,Yenibosna,11,2024-12-14
25,,,Yenibosna,10,2024-12-15
25,,,Yenibosna,11,2024-12-16
25,,,Yenibosna,11,2024-12-17
25,,,Yenibosna,9,2024-12-18
25,,,Yenibosna,11,2024-12-20
25,,,Yenibosna,11,2024-12-21
25,,,Yenibosna,11,2024-12-22
25,,,Yenibosna,13,2024-12-23
25,,,Yenibosna,11,2024-12-24
25,,,Yenibosna,11,2024-12-25
26,,,Yenibosna,11,2024-12-01
26,,,Yenibosna,11,2024-12-02
26,,,Yenibosna,11,2024-12-03
26,,,Yenibosna,11,2024-12-04
26,,,Yenibosna,11,2024-12-05
26,,,Yenibosna,10,2024-12-06
26,,,Yenibosna,11,2024-12-07
26,,,Yenibosna,11,2024-12-08
26,,,Yenibosna,11,2024-12-10
26,,,Yenibosna,11,2024-12-11
26,,,Yenibosna,11,2024-12-12
26,,,Yenibosna,11,2024-12-13
26,,,Yenibosna,11,2024-12-14
26,,,Yenibosna,11,2024-12-15
26,,,Yenibosna,11,2024-12-16
26,,,Yenibosna,11,2024-12-17
26,,,Yenibosna,11,2024-12-18
26,,,Yenibosna,11,2024-12-20
26,,,Yenibosna,11,2024-12-21
26,,,Yenibosna,11,2024-12-22
26,,,Yenibosna,11,2024-12-23
26,,,Yenibosna,11,2024-12-24
26,,,Yenibosna,11,2024-12-25
26,,,Yenibosna,11,2024-12-27
26,,,Yenibosna,11,2024-12-28
26,,,Yenibosna,11,2024-12-29
26,,,Yenibosna,11,2024-12-30
26,,,Yenibosna,11,2024-12-31
27,,,Yenibosna,11,2024-12-01
27,,,Yenibosna,11,2024-12-03
27,,,Yenibosna,12,2024-12-04
27,,,Yenibosna,11,2024-12-05
27,,,Yenibosna,14.5,2024-12-07
27,,,Yenibosna,11,2024-12-08
27,,,Yenibosna,12,2024-12-09
27,,,Yenibosna,11.5,2024-12-10
27,,,Yenibosna,11,2024-12-11
27,,,Yenibosna,11,2024-12-12
27,,,Yenibosna,11,2024-12-13
27,,,Yenibosna,11,2024-12-14
27,,,Yenibosna,11,2024-12-15
27,,,Yenibosna,11,2024-12-16
27,,,Yenibosna,11,2024-12-18
27,,,Yenibosna,11,2024-12-19
27,,,Yenibosna,11,2024-12-20
27,,,Yenibosna,11,2024-12-21
27,,,Yenibosna,11,2024-12-22
27,,,Yenibosna,11,2024-12-23
27,,,Yenibosna,14,2024-12-25
27,,,Yenibosna,13,2024-12-26
27,,,Yenibosna,13,2024-12-27
27,,,Yenibosna,13,2024-12-28
27,,,Yenibosna,13,2024-12-29
27,,,Yenibosna,11,2024-12-30
28,,,Yenibosna,11,2024-12-01
28,,,Yenibosna,11,2024-12-02
28,,,Yenibosna,11,2024-12-03
28,,,Yenibosna,11,2024-12-04
28,,,Yenibosna,11,2024-12-05
28,,,Yenibosna,11,2024-12-06
28,,,Yenibosna,11,2024-12-07
28,,,Yenibosna,11,2024-12-08
28,,,Yenibosna,11,2024-12-10
28,,,Yenibosna,14,2024-12-11
28,,,Yenibosna,11,2024-12-12
28,,,Yenibosna,11,2024-12-13
28,,,Yenibosna,11,2024-12-14
28,,,Yenibosna,11,2024-12-15
28,,,Yenibosna,11,2024-12-16
28,,,Yenibosna,11,2024-12-17
28,,,Yenibosna,11,2024-12-18
28,,,Yenibosna,11,2024-12-19
28,,,Yenibosna,11,2024-12-20
28,,,Yenibosna,11,2024-12-21
28,,,Yenibosna,11,2024-12-22
28,,,Yenibosna,11,2024-12-23
28,,,Yenibosna,11,2024-12-24
28,,,Yenibosna,11,2024-12-25
28,,,Yenibosna,11,2024-12-26
28,,,Yenibosna,11,2024-12-27
28,,,Yenibosna,14.5,2024-12-28
28,,,Yenibosna,14.5,2024-12-29
28,,,Yenibosna,14.5,2024-12-30
28,,,Yenibosna,14.5,2024-12-31
32,,,Yenibosna,11,2024-12-14
32,,,Yenibosna,11,2024-12-15
32,,,Yenibosna,11,2024-12-16
32,,,Yenibosna,11,2024-12-17
32,,,Yenibosna,11,2024-12-18
32,,,Yenibosna,11,2024-12-19
32,,,Yenibosna,11,2024-12-20
32,,,Yenibosna,11,2024-12-21
32,,,Yenibosna,11,2024-12-22
32,,,Yenibosna,11,2024-12-24
32,,,Yenibosna,11,2024-12-25
32,,,Yenibosna,11,2024-12-26
32,,,Yenibosna,11,2024-12-27
32,,,Yenibosna,11,2024-12-28
32,,,Yenibosna,11,2024-12-29
32,,,Yenibosna,11,2024-12-31
30,,,Yenibosna,11,2024-12-01
30,,,Yenibosna,11,2024-12-02
30,,,Yenibosna,11,2024-12-03
30,,,Yenibosna,11,2024-12-05
30,,,Yenibosna,11,2024-12-06
30,,,Yenibosna,11,2024-12-07
30,,,Yenibosna,11,2024-12-08
30,,,Yenibosna,11,2024-12-09
30,,,Yenibosna,11,2024-12-10
30,,,Yenibosna,11,2024-12-12
30,,,Yenibosna,11,2024-12-13
30,,,Yenibosna,11,2024-12-14
30,,,Yenibosna,11,2024-12-15
30,,,Yenibosna,11,2024-12-16
30,,,Yenibosna,11,2024-12-17
30,,,Yenibosna,11,2024-12-19
30,,,Yenibosna,11,2024-12-20
30,,,Yenibosna,11,2024-12-21
30,,,Yenibosna,11,2024-12-22
30,,,Yenibosna,11,2024-12-23
30,,,Yenibosna,11,2024-12-24
30,,,Yenibosna,11,2024-12-26
30,,,Yenibosna,11,2024-12-27
30,,,Yenibosna,11,2024-12-28
30,,,Yenibosna,11,2024-12-29
30,,,Yenibosna,11,2024-12-30
30,,,Yenibosna,11,2024-12-31
31,,,Yenibosna,11,2024-12-01
31,,,Yenibosna,11,2024-12-02
31,,,Yenibosna,11,2024-12-03
31,,,Yenibosna,11,2024-12-04
31,,,Yenibosna,11,2024-12-05
31,,,Yenibosna,11,2024-12-06
31,,,Yenibosna,11,2024-12-07
31,,,Yenibosna,11,2024-12-08
31,,,Yenibosna,11,2024-12-09
31,,,Yenibosna,11,2024-12-10
31,,,Yenibosna,11,2024-12-11
31,,,Yenibosna,11,2024-12-12
31,,,Yenibosna,11,2024-12-13
31,,,Yenibosna,11,2024-12-14
31,,,Yenibosna,11,2024-12-15
31,,,Yenibosna,11,2024-12-16
31,,,Yenibosna,11,2024-12-17
31,,,Yenibosna,11,2024-12-18
31,,,Yenibosna,11,2024-12-20
31,,,Yenibosna,11,2024-12-21
31,,,Yenibosna,11,2024-12-22
31,,,Yenibosna,11,2024-12-23
31,,,Yenibosna,11,2024-12-24
31,,,Yenibosna,11,2024-12-25
31,,,Yenibosna,11,2024-12-26
31,,,Yenibosna,11,2024-12-27
31,,,Yenibosna,11,2024-12-28
31,,,Yenibosna,11,2024-12-29
31,,,Yenibosna,11,2024-12-30
31,,,Yenibosna,11,2024-12-31
33,,,Yenibosna,11,2024-12-22
33,,,Yenibosna,11,2024-12-23
33,,,Yenibosna,11,2024-12-24
33,,,Yenibosna,11,2024-12-25
33,,,Yenibosna,11,2024-12-26
33,,,Yenibosna,11,2024-12-27
33,,,Yenibosna,11,2024-12-28
33,,,Yenibosna,11,2024-12-30
33,,,Yenibosna,11,2024-12-31
34,,,Yenibosna,11,2024-12-26
34,,,Yenibosna,11,2024-12-27
34,,,Yenibosna,11,2024-12-28
34,,,Yenibosna,11,2024-12-29
34,,,Yenibosna,11,2024-12-30
34,,,Yenibosna,11,2024-12-31
28,,,Yenibosna,14.5,2025-02-01
28,,,Yenibosna,14.5,2025-02-02
28,,,Yenibosna,14.5,2025-02-03
28,,,Yenibosna,14.5,2025-02-04
28,,,Yenibosna,14.5,2025-02-05
28,,,Yenibosna,14.5,2025-02-06
28,,,Yenibosna,14.5,2025-02-07
28,,,Yenibosna,14.5,2025-02-08
28,,,Yenibosna,14.5,2025-02-09
28,,,Yenibosna,14.5,2025-02-10
28,,,Yenibosna,14.5,2025-02-11
28,,,Yenibosna,14.5,2025-02-12
28,,,Yenibosna,14.5,2025-02-13
28,,,Yenibosna,14.5,2025-02-14
28,,,Yenibosna,14.5,2025-02-15
28,,,Yenibosna,14.5,2025-02-16
28,,,Yenibosna,14.5,2025-02-17
28,,,Yenibosna,14.5,2025-02-18
28,,,Yenibosna,14.5,2025-02-19
28,,,Yenibosna,14.5,2025-02-20
28,,,Yenibosna,14.5,2025-02-21
28,,,Yenibosna,14.5,2025-02-22
28,,,Yenibosna,14.5,2025-02-23
28,,,Yenibosna,14.5,2025-02-24
28,,,Yenibosna,14.5,2025-02-25
28,,,Yenibosna,14.5,2025-02-26
28,,,Yenibosna,14.5,2025-02-27
28,,,Yenibosna,14.5,2025-02-28
26,,,Yenibosna,11,2025-02-01
26,,,Yenibosna,11,2025-02-02
26,,,Yenibosna,11,2025-02-03
26,,,Yenibosna,11,2025-02-05
26,,,Yenibosna,11,2025-02-06
26,,,Yenibosna,11,2025-02-07
26,,,Yenibosna,11,2025-02-08
26,,,Yenibosna,11,2025-02-09
26,,,Yenibosna,11,2025-02-10
26,,,Yenibosna,11,2025-02-12
26,,,Yenibosna,11,2025-02-13
26,,,Yenibosna,11,2025-02-14
26,,,Yenibosna,11,2025-02-15
26,,,Yenibosna,11,2025-02-16
26,,,Yenibosna,11,2025-02-17
26,,,Yenibosna,11,2025-02-19
26,,,Yenibosna,11,2025-02-20
26,,,Yenibosna,11,2025-02-21
26,,,Yenibosna,11,2025-02-23
26,,,Yenibosna,11,2025-02-24
26,,,Yenibosna,11,2025-02-25
26,,,Yenibosna,11,2025-02-26
26,,,Yenibosna,11,2025-02-27
26,,,Yenibosna,11,2025-02-28
31,,,Yenibosna,11,2025-02-01
31,,,Yenibosna,11,2025-02-02
31,,,Yenibosna,11,2025-02-03
31,,,Yenibosna,11,2025-02-04
31,,,Yenibosna,11,2025-02-05
31,,,Yenibosna,11,2025-02-06
31,,,Yenibosna,11,2025-02-07
31,,,Yenibosna,11,2025-02-08
31,,,Yenibosna,11,2025-02-09
31,,,Yenibosna,11,2025-02-10
31,,,Yenibosna,11,2025-02-11
31,,,Yenibosna,11,2025-02-12
31,,,Yenibosna,11,2025-02-13
31,,,Yenibosna,11,2025-02-14
31,,,Yenibosna,11,2025-02-15
31,,,Yenibosna,11,2025-02-16
31,,,Yenibosna,11,2025-02-17
31,,,Yenibosna,11,2025-02-18
31,,,Yenibosna,11,2025-02-19
31,,,Yenibosna,11,2025-02-20
31,,,Yenibosna,11,2025-02-21
31,,,Yenibosna,11,2025-02-22
31,,,Yenibosna,11,2025-02-23
31,,,Yenibosna,11,2025-02-24
31,,,Yenibosna,11,2025-02-25
31,,,Yenibosna,11,2025-02-26
31,,,Yenibosna,11,2025-02-27
31,,,Yenibosna,11,2025-02-28
27,,,Yenibosna,14.5,2025-02-01
27,,,Yenibosna,14,2025-02-02
27,,,Yenibosna,14.5,2025-02-04
27,,,Yenibosna,14,2025-02-06
27,,,Yenibosna,14,2025-02-07
27,,,Yenibosna,14,2025-02-08
27,,,Yenibosna,14,2025-02-09
27,,,Yenibosna,14.5,2025-02-11
27,,,Yenibosna,14,2025-02-12
27,,,Yenibosna,13.5,2025-02-13
27,,,Yenibosna,14.5,2025-02-14
27,,,Yenibosna,14,2025-02-15
27,,,Yenibosna,14.5,2025-02-16
27,,,Yenibosna,3,2025-02-17
27,,,Yenibosna,14,2025-02-19
27,,,Yenibosna,11,2025-02-20
27,,,Yenibosna,12,2025-02-21
27,,,Yenibosna,11,2025-02-22
27,,,Yenibosna,11,2025-02-23
27,,,Yenibosna,11,2025-02-24
27,,,Yenibosna,11,2025-02-25
27,,,Yenibosna,11,2025-02-26
27,,,Yenibosna,11,2025-02-27
27,,,Yenibosna,11,2025-02-28
33,,,Yenibosna,11,2025-02-01
33,,,Yenibosna,11,2025-02-02
33,,,Yenibosna,11,2025-02-03
33,,,Yenibosna,11,2025-02-04
33,,,Yenibosna,11,2025-02-05
33,,,Yenibosna,11,2025-02-07
33,,,Yenibosna,11,2025-02-08
33,,,Yenibosna,11,2025-02-09
33,,,Yenibosna,11,2025-02-10
33,,,Yenibosna,11,2025-02-11
33,,,Yenibosna,11,2025-02-13
33,,,Yenibosna,11,2025-02-14
33,,,Yenibosna,11,2025-02-15
33,,,Yenibosna,11,2025-02-16
33,,,Yenibosna,11,2025-02-17
33,,,Yenibosna,11,2025-02-18
33,,,Yenibosna,11,2025-02-20
33,,,Yenibosna,11,2025-02-21
33,,,Yenibosna,11,2025-02-22
33,,,Yenibosna,11,2025-02-23
33,,,Yenibosna,11,2025-02-24
33,,,Yenibosna,11,2025-02-25
33,,,Yenibosna,11,2025-02-27
33,,,Yenibosna,11,2025-02-28
35,,,Yenibosna,11,2025-02-01
35,,,Yenibosna,11,2025-02-02
35,,,Yenibosna,11,2025-02-03
35,,,Yenibosna,11,2025-02-05
35,,,Yenibosna,11,2025-02-06
35,,,Yenibosna,11,2025-02-07
35,,,Yenibosna,11,2025-02-08
35,,,Yenibosna,11,2025-02-09
35,,,Yenibosna,11,2025-02-11
35,,,Yenibosna,11,2025-02-12
35,,,Yenibosna,11,2025-02-13
35,,,Yenibosna,11,2025-02-14
35,,,Yenibosna,11,2025-02-15
35,,,Yenibosna,11,2025-02-19
35,,,Yenibosna,11,2025-02-20
35,,,Yenibosna,11,2025-02-21
35,,,Yenibosna,11,2025-02-22
35,,,Yenibosna,11,2025-02-26
35,,,Yenibosna,11,2025-02-27
35,,,Yenibosna,11,2025-02-28
23,,,Yenibosna,11,2025-02-01
23,,,Yenibosna,11,2025-02-02
23,,,Yenibosna,11,2025-02-03
23,,,Yenibosna,11,2025-02-04
23,,,Yenibosna,13,2025-02-05
23,,,Yenibosna,11,2025-02-07
23,,,Yenibosna,11,2025-02-08
23,,,Yenibosna,11,2025-02-09
23,,,Yenibosna,11,2025-02-10
23,,,Yenibosna,11,2025-02-11
25,,,Yenibosna,11,2025-02-01
25,,,Yenibosna,11,2025-02-02
25,,,Yenibosna,11,2025-02-03
25,,,Yenibosna,11,2025-02-05
25,,,Yenibosna,11,2025-02-06
25,,,Yenibosna,11,2025-02-07
25,,,Yenibosna,11,2025-02-08
25,,,Yenibosna,11,2025-02-09
25,,,Yenibosna,11,2025-02-10
25,,,Yenibosna,11,2025-02-12
25,,,Yenibosna,11,2025-02-13
25,,,Yenibosna,12,2025-02-14
25,,,Yenibosna,11,2025-02-15
15,,,Yenibosna,11,2025-02-01
15,,,Yenibosna,11,2025-02-02
15,,,Yenibosna,14.5,2025-02-03
15,,,Yenibosna,14,2025-02-04
15,,,Yenibosna,11,2025-02-05
15,,,Yenibosna,13,2025-02-06
15,,,Yenibosna,11,2025-02-08
15,,,Yenibosna,11,2025-02-09
15,,,Yenibosna,11,2025-02-10
15,,,Yenibosna,14,2025-02-11
15,,,Yenibosna,11,2025-02-12
15,,,Yenibosna,12,2025-02-13
15,,,Yenibosna,11,2025-02-14
15,,,Yenibosna,11,2025-02-15
15,,,Yenibosna,13,2025-02-16
15,,,Yenibosna,12,2025-02-17
15,,,Yenibosna,13,2025-02-18
15,,,Yenibosna,13,2025-02-19
15,,,Yenibosna,12,2025-02-20
15,,,Yenibosna,14.5,2025-02-21
15,,,Yenibosna,11,2025-02-22
15,,,Yenibosna,11.5,2025-02-23
15,,,Yenibosna,11,2025-02-24
15,,,Yenibosna,11,2025-02-25
15,,,Yenibosna,11,2025-02-26
15,,,Yenibosna,11,2025-02-27
15,,,Yenibosna,14,2025-02-28
30,,,Yenibosna,11,2025-02-01
30,,,Yenibosna,11,2025-02-02
30,,,Yenibosna,11,2025-02-03
30,,,Yenibosna,11,2025-02-04
30,,,Yenibosna,11,2025-02-06
30,,,Yenibosna,11,2025-02-07
30,,,Yenibosna,11,2025-02-08
30,,,Yenibosna,11,2025-02-09
30,,,Yenibosna,11,2025-02-10
30,,,Yenibosna,11,2025-02-11
30,,,Yenibosna,11,2025-02-12
30,,,Yenibosna,11,2025-02-13
30,,,Yenibosna,11,2025-02-15
30,,,Yenibosna,11,2025-02-16
30,,,Yenibosna,11,2025-02-17
30,,,Yenibosna,11,2025-02-18
30,,,Yenibosna,11,2025-02-19
30,,,Yenibosna,11,2025-02-20
30,,,Yenibosna,11,2025-02-22
30,,,Yenibosna,11,2025-02-23
30,,,Yenibosna,11,2025-02-24
30,,,Yenibosna,11,2025-02-25
30,,,Yenibosna,11,2025-02-26
30,,,Yenibosna,12,2025-02-27
30,,,Yenibosna,11,2025-02-28
16,,,Yenibosna,11,2025-02-08
16,,,Yenibosna,11,2025-02-09
16,,,Yenibosna,11,2025-02-10
16,,,Yenibosna,11,2025-02-11
16,,,Yenibosna,11,2025-02-12
16,,,Yenibosna,11,2025-02-14
16,,,Yenibosna,11,2025-02-15
16,,,Yenibosna,11,2025-02-16
16,,,Yenibosna,11,2025-02-17
16,,,Yenibosna,11,2025-02-18
16,,,Yenibosna,11,2025-02-19
16,,,Yenibosna,11,2025-02-21
16,,,Yenibosna,11,2025-02-22
16,,,Yenibosna,11,2025-02-23
16,,,Yenibosna,11,2025-02-24
16,,,Yenibosna,11,2025-02-25
16,,,Yenibosna,11,2025-02-26
16,,,Yenibosna,11,2025-02-28
36,,,Yenibosna,11,2025-02-10
36,,,Yenibosna,11,2025-02-11
36,,,Yenibosna,11,2025-02-12
36,,,Yenibosna,11,2025-02-13
36,,,Yenibosna,11,2025-02-14
36,,,Yenibosna,11,2025-02-15
36,,,Yenibosna,11,2025-02-16
36,,,Yenibosna,11,2025-02-17
36,,,Yenibosna,11,2025-02-19
36,,,Yenibosna,11,2025-02-20
36,,,Yenibosna,11,2025-02-21
36,,,Yenibosna,11,2025-02-22
36,,,Yenibosna,11,2025-02-23
36,,,Yenibosna,11,2025-02-24
36,,,Yenibosna,11,2025-02-26
36,,,Yenibosna,11,2025-02-27
36,,,Yenibosna,11,2025-02-28
37,,,Yenibosna,11,2025-02-22
37,,,Yenibosna,11,2025-02-23
37,,,Yenibosna,11,2025-02-24
37,,,Yenibosna,11,2025-02-25
37,,,Yenibosna,11,2025-02-26
37,,,Yenibosna,11,2025-02-27
38,,,Yenibosna,11,2025-02-19
38,,,Yenibosna,11,2025-02-20
38,,,Yenibosna,11,2025-02-21
38,,,Yenibosna,11,2025-02-22
38,,,Yenibosna,11,2025-02-23
38,,,Yenibosna,11,2025-02-24
38,,,Yenibosna,11,2025-02-25
38,,,Yenibosna,11,2025-02-27
38,,,Yenibosna,11,2025-02-28
32,,,Yenibosna,11,2025-02-01
32,,,Yenibosna,11,2025-02-02
32,,,Yenibosna,11,2025-02-04
32,,,Yenibosna,11,2025-02-05
32,,,Yenibosna,11,2025-02-06
32,,,Yenibosna,11,2025-02-07
32,,,Yenibosna,11,2025-02-08
32,,,Yenibosna,11,2025-02-09
32,,,Yenibosna,11,2025-02-11
32,,,Yenibosna,11,2025-02-12
32,,,Yenibosna,11,2025-02-13
32,,,Yenibosna,11,2025-02-14
32,,,Yenibosna,11,2025-02-15
32,,,Yenibosna,11,2025-02-16
32,,,Yenibosna,11,2025-02-18
32,,,Yenibosna,11,2025-02-19
32,,,Yenibosna,11,2025-02-20
32,,,Yenibosna,11,2025-02-21
32,,,Yenibosna,11,2025-02-22
32,,,Yenibosna,11,2025-02-23
32,,,Yenibosna,11,2025-02-25
32,,,Yenibosna,11,2025-02-26
32,,,Yenibosna,11,2025-02-27
32,,,Yenibosna,11,2025-02-28
39,,,Yenibosna,8,2025-02-04
39,,,Yenibosna,9,2025-02-05
39,,,Yenibosna,6,2025-02-07
39,,,Yenibosna,7,2025-02-08
39,,,Yenibosna,6,2025-02-09
39,,,Yenibosna,6,2025-02-10
39,,,Yenibosna,8,2025-02-12
39,,,Yenibosna,7,2025-02-13
39,,,Yenibosna,6,2025-02-14
39,,,Yenibosna,9,2025-02-15
39,,,Yenibosna,6,2025-02-16
39,,,Yenibosna,6,2025-02-17
39,,,Yenibosna,6,2025-02-18
39,,,Yenibosna,6,2025-02-19
39,,,Yenibosna,6,2025-02-20
39,,,Yenibosna,6,2025-02-22
39,,,Yenibosna,6,2025-02-23
39,,,Yenibosna,6,2025-02-24
39,,,Yenibosna,6,2025-02-26
39,,,Yenibosna,7,2025-02-27
39,,,Yenibosna,7,2025-02-28
40,,,Yenibosna,7.5,2025-02-04
40,,,Yenibosna,6,2025-02-05
40,,,Yenibosna,8,2025-02-11
40,,,Yenibosna,6,2025-02-12
40,,,Yenibosna,7,2025-02-13
40,,,Yenibosna,6,2025-02-14
40,,,Yenibosna,7,2025-02-15
40,,,Yenibosna,7,2025-02-16
40,,,Yenibosna,6,2025-02-17
40,,,Yenibosna,6,2025-02-18
40,,,Yenibosna,8,2025-02-19
40,,,Yenibosna,6,2025-02-20
40,,,Yenibosna,9,2025-02-21
40,,,Yenibosna,6,2025-02-22
40,,,Yenibosna,6,2025-02-23
40,,,Yenibosna,6,2025-02-24
40,,,Yenibosna,6,2025-02-25
40,,,Yenibosna,6,2025-02-26
40,,,Yenibosna,6,2025-02-27
40,,,Yenibosna,7,2025-02-28
28,,,Yenibosna,14.5,2025-03-01
28,,,Yenibosna,14.5,2025-03-02
28,,,Yenibosna,14.5,2025-03-03
28,,,Yenibosna,14.5,2025-03-04
28,,,Yenibosna,14.5,2025-03-05
28,,,Yenibosna,14.5,2025-03-06
28,,,Yenibosna,14.5,2025-03-07
28,,,Yenibosna,14.5,2025-03-08
28,,,Yenibosna,14.5,2025-03-09
28,,,Yenibosna,14.5,2025-03-10
28,,,Yenibosna,14.5,2025-03-11
28,,,Yenibosna,14.5,2025-03-12
28,,,Yenibosna,14.5,2025-03-13
28,,,Yenibosna,14.5,2025-03-14
28,,,Yenibosna,14.5,2025-03-15
28,,,Yenibosna,14.5,2025-03-16
28,,,Yenibosna,14.5,2025-03-17
28,,,Yenibosna,14.5,2025-03-18
28,,,Yenibosna,14.5,2025-03-19
28,,,Yenibosna,14.5,2025-03-20
28,,,Yenibosna,14.5,2025-03-21
28,,,Yenibosna,14.5,2025-03-22
28,,,Yenibosna,14.5,2025-03-23
28,,,Yenibosna,14.5,2025-03-24
28,,,Yenibosna,14.5,2025-03-25
28,,,Yenibosna,14.5,2025-03-26
28,,,Yenibosna,14.5,2025-03-27
28,,,Yenibosna,14.5,2025-03-28
28,,,Yenibosna,14.5,2025-03-29
28,,,Yenibosna,8,2025-03-30
26,,,Yenibosna,11,2025-03-01
26,,,Yenibosna,11,2025-03-02
26,,,Yenibosna,11,2025-03-03
26,,,Yenibosna,11,2025-03-04
26,,,Yenibosna,11,2025-03-05
26,,,Yenibosna,11,2025-03-07
26,,,Yenibosna,11,2025-03-08
26,,,Yenibosna,11,2025-03-09
26,,,Yenibosna,11,2025-03-10
26,,,Yenibosna,11,2025-03-11
26,,,Yenibosna,9,2025-03-12
26,,,Yenibosna,11,2025-03-14
26,,,Yenibosna,11,2025-03-15
26,,,Yenibosna,11,2025-03-16
26,,,Yenibosna,11,2025-03-17
26,,,Yenibosna,11,2025-03-18
26,,,Yenibosna,11,2025-03-19
26,,,Yenibosna,8,2025-03-20
26,,,Yenibosna,11,2025-03-22
26,,,Yenibosna,11,2025-03-23
26,,,Yenibosna,11,2025-03-24
26,,,Yenibosna,11,2025-03-25
26,,,Yenibosna,11,2025-03-26
26,,,Yenibosna,11,2025-03-27
26,,,Yenibosna,11,2025-03-28
26,,,Yenibosna,11,2025-03-29
26,,,Yenibosna,8,2025-03-30
26,,,Yenibosna,11,2025-03-31
27,,,Yenibosna,11,2025-03-21
27,,,Yenibosna,11,2025-03-22
27,,,Yenibosna,11,2025-03-23
27,,,Yenibosna,11,2025-03-24
27,,,Yenibosna,11,2025-03-25
27,,,Yenibosna,11,2025-03-26
27,,,Yenibosna,11,2025-03-27
27,,,Yenibosna,11,2025-03-29
27,,,Yenibosna,8,2025-03-30
27,,,Yenibosna,11,2025-03-31
31,,,Yenibosna,11,2025-03-01
31,,,Yenibosna,11,2025-03-02
31,,,Yenibosna,11,2025-03-03
31,,,Yenibosna,11,2025-03-04
31,,,Yenibosna,11,2025-03-05
31,,,Yenibosna,11,2025-03-06
31,,,Yenibosna,11,2025-03-07
31,,,Yenibosna,11,2025-03-08
31,,,Yenibosna,11,2025-03-09
31,,,Yenibosna,11,2025-03-13
31,,,Yenibosna,11,2025-03-14
31,,,Yenibosna,11,2025-03-15
31,,,Yenibosna,11,2025-03-16
31,,,Yenibosna,11,2025-03-17
31,,,Yenibosna,11,2025-03-18
31,,,Yenibosna,11,2025-03-19
31,,,Yenibosna,11,2025-03-20
31,,,Yenibosna,11,2025-03-21
31,,,Yenibosna,11,2025-03-22
31,,,Yenibosna,11,2025-03-23
31,,,Yenibosna,11,2025-03-24
31,,,Yenibosna,11,2025-03-25
31,,,Yenibosna,11,2025-03-26
31,,,Yenibosna,11,2025-03-27
31,,,Yenibosna,11,2025-03-28
31,,,Yenibosna,11,2025-03-29
31,,,Yenibosna,8,2025-03-30
31,,,Yenibosna,14.5,2025-03-31
27,,,Yenibosna,11,2025-03-01
27,,,Yenibosna,11,2025-03-02
27,,,Yenibosna,11,2025-03-03
27,,,Yenibosna,11,2025-03-04
27,,,Yenibosna,11,2025-03-05
27,,,Yenibosna,11,2025-03-06
27,,,Yenibosna,11,2025-03-07
27,,,Yenibosna,11,2025-03-08
27,,,Yenibosna,11,2025-03-09
27,,,Yenibosna,11,2025-03-10
27,,,Yenibosna,7,2025-03-11
27,,,Yenibosna,11,2025-03-12
27,,,Yenibosna,11,2025-03-13
27,,,Yenibosna,11,2025-03-16
33,,,Yenibosna,11,2025-03-01
33,,,Yenibosna,11,2025-03-02
33,,,Yenibosna,11,2025-03-03
33,,,Yenibosna,11,2025-03-04
33,,,Yenibosna,11,2025-03-06
33,,,Yenibosna,11,2025-03-07
33,,,Yenibosna,11,2025-03-08
33,,,Yenibosna,11,2025-03-09
33,,,Yenibosna,11,2025-03-10
33,,,Yenibosna,11,2025-03-11
33,,,Yenibosna,11,2025-03-12
33,,,Yenibosna,11,2025-03-13
33,,,Yenibosna,11,2025-03-14
33,,,Yenibosna,11,2025-03-15
33,,,Yenibosna,11,2025-03-16
33,,,Yenibosna,11,2025-03-17
33,,,Yenibosna,11,2025-03-18
33,,,Yenibosna,11,2025-03-19
33,,,Yenibosna,11,2025-03-20
33,,,Yenibosna,14.5,2025-03-21
33,,,Yenibosna,14.5,2025-03-22
33,,,Yenibosna,14.5,2025-03-23
33,,,Yenibosna,14.5,2025-03-24
33,,,Yenibosna,14.5,2025-03-25
33,,,Yenibosna,14.5,2025-03-27
33,,,Yenibosna,14.5,2025-03-28
33,,,Yenibosna,14.5,2025-03-29
33,,,Yenibosna,8,2025-03-30
33,,,Yenibosna,14.5,2025-03-31
15,,,Yenibosna,11,2025-03-01
15,,,Yenibosna,12,2025-03-02
15,,,Yenibosna,11,2025-03-03
15,,,Yenibosna,11,2025-03-04
15,,,Yenibosna,11,2025-03-05
15,,,Yenibosna,11,2025-03-06
15,,,Yenibosna,11,2025-03-07
15,,,Yenibosna,14,2025-03-08
15,,,Yenibosna,11,2025-03-10
15,,,Yenibosna,11,2025-03-11
15,,,Yenibosna,11,2025-03-12
15,,,Yenibosna,11,2025-03-13
15,,,Yenibosna,11,2025-03-14
15,,,Yenibosna,11,2025-03-15
15,,,Yenibosna,11,2025-03-16
15,,,Yenibosna,11,2025-03-17
15,,,Yenibosna,11,2025-03-18
15,,,Yenibosna,11,2025-03-19
15,,,Yenibosna,11,2025-03-20
15,,,Yenibosna,11,2025-03-21
15,,,Yenibosna,11,2025-03-22
15,,,Yenibosna,11,2025-03-24
15,,,Yenibosna,11,2025-03-25
15,,,Yenibosna,11,2025-03-26
15,,,Yenibosna,11,2025-03-27
15,,,Yenibosna,11,2025-03-29
15,,,Yenibosna,8,2025-03-30
15,,,Yenibosna,11,2025-03-31
30,,,Yenibosna,11,2025-03-01
30,,,Yenibosna,11,2025-03-02
30,,,Yenibosna,11,2025-03-03
30,,,Yenibosna,11,2025-03-04
30,,,Yenibosna,11,2025-03-05
30,,,Yenibosna,11,2025-03-06
30,,,Yenibosna,11,2025-03-08
30,,,Yenibosna,11,2025-03-09
30,,,Yenibosna,11,2025-03-15
30,,,Yenibosna,11,2025-03-16
30,,,Yenibosna,11,2025-03-17
30,,,Yenibosna,14.5,2025-03-18
30,,,Yenibosna,14.5,2025-03-19
30,,,Yenibosna,11,2025-03-20
30,,,Yenibosna,14.5,2025-03-22
30,,,Yenibosna,11,2025-03-23
30,,,Yenibosna,11,2025-03-24
30,,,Yenibosna,11,2025-03-25
30,,,Yenibosna,11,2025-03-26
30,,,Yenibosna,11,2025-03-27
30,,,Yenibosna,11,2025-03-28
30,,,Yenibosna,8,2025-03-30
30,,,Yenibosna,11,2025-03-31
24,,,Yenibosna,11,2025-03-03
24,,,Yenibosna,11,2025-03-04
24,,,Yenibosna,11,2025-03-05
24,,,Yenibosna,11,2025-03-06
24,,,Yenibosna,11,2025-03-07
24,,,Yenibosna,11,2025-03-09
24,,,Yenibosna,11,2025-03-10
24,,,Yenibosna,11,2025-03-11
24,,,Yenibosna,11,2025-03-12
24,,,Yenibosna,11,2025-03-13
24,,,Yenibosna,11,2025-03-14
24,,,Yenibosna,11,2025-03-16
24,,,Yenibosna,11,2025-03-17
24,,,Yenibosna,11,2025-03-18
24,,,Yenibosna,11,2025-03-19
24,,,Yenibosna,11,2025-03-20
24,,,Yenibosna,9,2025-03-21
24,,,Yenibosna,11,2025-03-22
24,,,Yenibosna,11,2025-03-23
24,,,Yenibosna,11,2025-03-25
24,,,Yenibosna,11,2025-03-26
24,,,Yenibosna,11,2025-03-27
24,,,Yenibosna,9,2025-03-28
24,,,Yenibosna,11,2025-03-29
24,,,Yenibosna,11,2025-03-31
23,,,Yenibosna,11,2025-03-23
23,,,Yenibosna,11,2025-03-24
23,,,Yenibosna,11,2025-03-26
23,,,Yenibosna,11,2025-03-27
23,,,Yenibosna,11,2025-03-28
23,,,Yenibosna,11,2025-03-29
23,,,Yenibosna,8,2025-03-30
23,,,Yenibosna,11,2025-03-31
32,,,Yenibosna,11,2025-03-01
32,,,Yenibosna,11,2025-03-02
32,,,Yenibosna,11,2025-03-04
32,,,Yenibosna,11,2025-03-05
32,,,Yenibosna,11,2025-03-06
32,,,Yenibosna,11,2025-03-07
32,,,Yenibosna,11,2025-03-08
32,,,Yenibosna,11,2025-03-09
32,,,Yenibosna,11,2025-03-11
32,,,Yenibosna,11,2025-03-12
32,,,Yenibosna,11,2025-03-13
32,,,Yenibosna,11,2025-03-14
32,,,Yenibosna,11,2025-03-15
32,,,Yenibosna,11,2025-03-16
32,,,Yenibosna,11,2025-03-18
32,,,Yenibosna,11,2025-03-19
32,,,Yenibosna,11,2025-03-20
32,,,Yenibosna,11,2025-03-21
32,,,Yenibosna,11,2025-03-22
32,,,Yenibosna,11,2025-03-23
32,,,Yenibosna,11,2025-03-25
32,,,Yenibosna,11,2025-03-26
32,,,Yenibosna,11,2025-03-27
32,,,Yenibosna,11,2025-03-28
32,,,Yenibosna,11,2025-03-29
32,,,Yenibosna,8,2025-03-30
37,,,Yenibosna,11,2025-03-01
37,,,Yenibosna,11,2025-03-02
37,,,Yenibosna,11,2025-03-03
37,,,Yenibosna,11,2025-03-04
37,,,Yenibosna,11,2025-03-05
37,,,Yenibosna,11,2025-03-06
37,,,Yenibosna,11,2025-03-07
37,,,Yenibosna,11,2025-03-08
37,,,Yenibosna,11,2025-03-10
37,,,Yenibosna,11,2025-03-11
37,,,Yenibosna,11,2025-03-12
37,,,Yenibosna,11,2025-03-13
37,,,Yenibosna,11,2025-03-14
37,,,Yenibosna,11,2025-03-15
37,,,Yenibosna,11,2025-03-18
37,,,Yenibosna,11,2025-03-19
37,,,Yenibosna,11,2025-03-20
37,,,Yenibosna,11,2025-03-21
37,,,Yenibosna,11,2025-03-22
36,,,Yenibosna,11,2025-03-01
36,,,Yenibosna,11,2025-03-02
36,,,Yenibosna,11,2025-03-03
36,,,Yenibosna,11,2025-03-05
36,,,Yenibosna,11,2025-03-06
36,,,Yenibosna,11,2025-03-07
36,,,Yenibosna,11,2025-03-08
36,,,Yenibosna,11,2025-03-09
36,,,Yenibosna,11,2025-03-10
36,,,Yenibosna,11,2025-03-12
36,,,Yenibosna,11,2025-03-13
36,,,Yenibosna,11,2025-03-14
36,,,Yenibosna,11,2025-03-15
36,,,Yenibosna,11,2025-03-16
36,,,Yenibosna,11,2025-03-17
36,,,Yenibosna,11,2025-03-19
36,,,Yenibosna,11,2025-03-20
36,,,Yenibosna,11,2025-03-21
36,,,Yenibosna,11,2025-03-22
16,,,Yenibosna,11,2025-03-01
16,,,Yenibosna,11,2025-03-02
16,,,Yenibosna,11,2025-03-03
16,,,Yenibosna,11,2025-03-04
16,,,Yenibosna,11,2025-03-05
16,,,Yenibosna,11,2025-03-07
16,,,Yenibosna,11,2025-03-08
16,,,Yenibosna,11,2025-03-09
16,,,Yenibosna,11,2025-03-10
16,,,Yenibosna,11,2025-03-11
16,,,Yenibosna,11,2025-03-13
16,,,Yenibosna,11,2025-03-14
16,,,Yenibosna,11,2025-03-15
16,,,Yenibosna,11,2025-03-16
16,,,Yenibosna,11,2025-03-17
16,,,Yenibosna,11,2025-03-18
16,,,Yenibosna,11,2025-03-19
16,,,Yenibosna,11,2025-03-21
16,,,Yenibosna,11,2025-03-22
38,,,Yenibosna,11,2025-03-01
38,,,Yenibosna,11,2025-03-02
38,,,Yenibosna,11,2025-03-03
38,,,Yenibosna,11,2025-03-04
38,,,Yenibosna,11,2025-03-06
38,,,Yenibosna,11,2025-03-07
38,,,Yenibosna,11,2025-03-08
38,,,Yenibosna,11,2025-03-09
38,,,Yenibosna,11,2025-03-10
38,,,Yenibosna,11,2025-03-11
38,,,Yenibosna,11,2025-03-12
38,,,Yenibosna,11,2025-03-13
38,,,Yenibosna,11,2025-03-14
38,,,Yenibosna,11,2025-03-15
38,,,Yenibosna,11,2025-03-16
38,,,Yenibosna,11,2025-03-17
38,,,Yenibosna,11,2025-03-18
38,,,Yenibosna,11,2025-03-20
38,,,Yenibosna,11,2025-03-21
38,,,Yenibosna,11,2025-03-22
38,,,Yenibosna,11,2025-03-23
38,,,Yenibosna,11,2025-03-24
38,,,Yenibosna,11,2025-03-25
38,,,Yenibosna,11,2025-03-27
38,,,Yenibosna,11,2025-03-28
38,,,Yenibosna,11,2025-03-29
38,,,Yenibosna,8,2025-03-30
38,,,Yenibosna,11,2025-03-31
41,,,Yenibosna,6,2025-03-21
41,,,Yenibosna,7,2025-03-22
41,,,Yenibosna,6,2025-03-23
41,,,Yenibosna,6,2025-03-24
41,,,Yenibosna,7,2025-03-25
41,,,Yenibosna,7,2025-03-26
41,,,Yenibosna,7,2025-03-27
41,,,Yenibosna,8,2025-03-28
41,,,Yenibosna,8,2025-03-29
41,,,Yenibosna,4,2025-03-30
41,,,Yenibosna,7,2025-03-31
42,,,Yenibosna,9,2025-03-01
42,,,Yenibosna,7,2025-03-02
42,,,Yenibosna,7,2025-03-03
42,,,Yenibosna,9,2025-03-04
42,,,Yenibosna,9,2025-03-05
42,,,Yenibosna,8,2025-03-06
42,,,Yenibosna,7,2025-03-07
42,,,Yenibosna,7,2025-03-08
42,,,Yenibosna,7,2025-03-09
42,,,Yenibosna,7,2025-03-10
42,,,Yenibosna,7,2025-03-11
42,,,Yenibosna,7,2025-03-12
42,,,Yenibosna,7,2025-03-13
42,,,Yenibosna,7,2025-03-14
42,,,Yenibosna,8,2025-03-15
42,,,Yenibosna,7,2025-03-16
42,,,Yenibosna,8,2025-03-17
42,,,Yenibosna,7,2025-03-18
43,,,Yenibosna,10,2025-03-01
43,,,Yenibosna,8,2025-03-02
43,,,Yenibosna,7,2025-03-03
43,,,Yenibosna,6,2025-03-04
43,,,Yenibosna,6,2025-03-05
43,,,Yenibosna,7,2025-03-06
43,,,Yenibosna,7,2025-03-07
43,,,Yenibosna,7,2025-03-08
43,,,Yenibosna,8,2025-03-09
43,,,Yenibosna,7,2025-03-10
43,,,Yenibosna,7,2025-03-11
43,,,Yenibosna,7,2025-03-12
43,,,Yenibosna,8,2025-03-13
43,,,Yenibosna,8,2025-03-14
43,,,Yenibosna,8,2025-03-15
43,,,Yenibosna,7,2025-03-16
43,,,Yenibosna,7,2025-03-17
43,,,Yenibosna,7,2025-03-18
43,,,Yenibosna,8,2025-03-19
43,,,Yenibosna,7,2025-03-20
43,,,Yenibosna,8,2025-03-21
43,,,Yenibosna,7,2025-03-22
43,,,Yenibosna,8,2025-03-23
43,,,Yenibosna,8,2025-03-24
43,,,Yenibosna,7,2025-03-25
43,,,Yenibosna,7,2025-03-26
43,,,Yenibosna,8,2025-03-27
43,,,Yenibosna,8,2025-03-29
28,,,Yenibosna,11,2025-04-03
28,,,Yenibosna,14.5,2025-04-04
28,,,Yenibosna,14.5,2025-04-05
28,,,Yenibosna,14.5,2025-04-06
28,,,Yenibosna,14.5,2025-04-07
28,,,Yenibosna,14.5,2025-04-08
28,,,Yenibosna,14.5,2025-04-09
28,,,Yenibosna,14.5,2025-04-10
28,,,Yenibosna,14.5,2025-04-11
28,,,Yenibosna,4.5,2025-04-12
28,,,Yenibosna,14.5,2025-04-13
28,,,Yenibosna,14.5,2025-04-14
28,,,Yenibosna,14.5,2025-04-15
28,,,Yenibosna,14.5,2025-04-16
28,,,Yenibosna,14.5,2025-04-17
28,,,Yenibosna,14.5,2025-04-18
28,,,Yenibosna,14.5,2025-04-19
28,,,Yenibosna,14.5,2025-04-20
28,,,Yenibosna,14.5,2025-04-21
28,,,Yenibosna,14.5,2025-04-22
28,,,Yenibosna,14.5,2025-04-23
28,,,Yenibosna,14.5,2025-04-24
28,,,Yenibosna,14.5,2025-04-25
28,,,Yenibosna,14.5,2025-04-26
28,,,Yenibosna,14.5,2025-04-27
26,,,Yenibosna,11,2025-04-01
26,,,Yenibosna,11,2025-04-02
26,,,Yenibosna,11,2025-04-03
26,,,Yenibosna,11,2025-04-05
26,,,Yenibosna,11,2025-04-06
26,,,Yenibosna,11,2025-04-07
26,,,Yenibosna,11,2025-04-08
26,,,Yenibosna,11,2025-04-09
26,,,Yenibosna,11,2025-04-11
26,,,Yenibosna,11,2025-04-12
26,,,Yenibosna,11,2025-04-13
26,,,Yenibosna,11,2025-04-14
26,,,Yenibosna,11,2025-04-15
26,,,Yenibosna,11,2025-04-16
26,,,Yenibosna,11,2025-04-18
26,,,Yenibosna,11,2025-04-20
26,,,Yenibosna,11,2025-04-21
26,,,Yenibosna,11,2025-04-22
26,,,Yenibosna,11,2025-04-23
26,,,Yenibosna,10,2025-04-24
26,,,Yenibosna,11,2025-04-25
26,,,Yenibosna,11,2025-04-26
26,,,Yenibosna,11,2025-04-27
27,,,Yenibosna,11,2025-04-01
27,,,Yenibosna,11,2025-04-02
27,,,Yenibosna,11,2025-04-03
27,,,Yenibosna,11,2025-04-04
27,,,Yenibosna,11,2025-04-05
27,,,Yenibosna,11,2025-04-06
27,,,Yenibosna,11,2025-04-08
27,,,Yenibosna,8,2025-04-09
27,,,Yenibosna,11,2025-04-10
27,,,Yenibosna,11,2025-04-11
27,,,Yenibosna,11,2025-04-12
27,,,Yenibosna,11,2025-04-13
27,,,Yenibosna,11,2025-04-15
27,,,Yenibosna,11,2025-04-16
27,,,Yenibosna,11,2025-04-17
27,,,Yenibosna,11,2025-04-18
27,,,Yenibosna,11,2025-04-19
27,,,Yenibosna,11,2025-04-20
27,,,Yenibosna,11,2025-04-22
27,,,Yenibosna,11,2025-04-23
27,,,Yenibosna,11,2025-04-24
27,,,Yenibosna,11,2025-04-25
27,,,Yenibosna,11,2025-04-26
27,,,Yenibosna,11,2025-04-27
31,,,Yenibosna,14.5,2025-04-01
31,,,Yenibosna,14.5,2025-04-02
31,,,Yenibosna,14.5,2025-04-03
31,,,Yenibosna,11,2025-04-04
31,,,Yenibosna,11,2025-04-05
31,,,Yenibosna,11,2025-04-06
31,,,Yenibosna,11,2025-04-07
31,,,Yenibosna,11,2025-04-08
31,,,Yenibosna,11,2025-04-09
31,,,Yenibosna,11,2025-04-10
31,,,Yenibosna,11,2025-04-11
31,,,Yenibosna,11,2025-04-12
31,,,Yenibosna,11,2025-04-13
31,,,Yenibosna,11,2025-04-14
31,,,Yenibosna,11,2025-04-15
31,,,Yenibosna,11,2025-04-16
31,,,Yenibosna,11,2025-04-17
31,,,Yenibosna,11,2025-04-18
31,,,Yenibosna,11,2025-04-19
31,,,Yenibosna,11,2025-04-20
31,,,Yenibosna,11,2025-04-21
31,,,Yenibosna,11,2025-04-22
31,,,Yenibosna,11,2025-04-23
31,,,Yenibosna,10,2025-04-24
31,,,Yenibosna,11,2025-04-25
31,,,Yenibosna,11,2025-04-26
31,,,Yenibosna,11,2025-04-27
33,,,Yenibosna,14.5,2025-04-01
33,,,Yenibosna,14.5,2025-04-02
33,,,Yenibosna,14.5,2025-04-04
33,,,Yenibosna,14.5,2025-04-05
33,,,Yenibosna,14.5,2025-04-06
33,,,Yenibosna,14.5,2025-04-07
33,,,Yenibosna,14.5,2025-04-08
33,,,Yenibosna,14.5,2025-04-10
33,,,Yenibosna,14.5,2025-04-11
33,,,Yenibosna,14.5,2025-04-12
33,,,Yenibosna,14.5,2025-04-13
33,,,Yenibosna,14.5,2025-04-14
33,,,Yenibosna,14.5,2025-04-17
33,,,Yenibosna,14.5,2025-04-18
33,,,Yenibosna,14.5,2025-04-19
33,,,Yenibosna,14.5,2025-04-20
33,,,Yenibosna,14.5,2025-04-21
33,,,Yenibosna,14.5,2025-04-22
33,,,Yenibosna,14.5,2025-04-24
33,,,Yenibosna,14.5,2025-04-25
33,,,Yenibosna,14.5,2025-04-26
33,,,Yenibosna,14.5,2025-04-27
15,,,Yenibosna,11,2025-04-01
15,,,Yenibosna,11,2025-04-02
15,,,Yenibosna,11,2025-04-03
15,,,Yenibosna,11,2025-04-04
15,,,Yenibosna,11,2025-04-05
15,,,Yenibosna,11,2025-04-07
15,,,Yenibosna,11,2025-04-08
15,,,Yenibosna,11,2025-04-09
15,,,Yenibosna,11,2025-04-10
15,,,Yenibosna,11,2025-04-11
15,,,Yenibosna,11,2025-04-12
15,,,Yenibosna,11,2025-04-14
15,,,Yenibosna,11,2025-04-15
15,,,Yenibosna,11,2025-04-16
15,,,Yenibosna,11,2025-04-17
15,,,Yenibosna,11,2025-04-18
15,,,Yenibosna,11,2025-04-20
15,,,Yenibosna,11,2025-04-21
15,,,Yenibosna,11,2025-04-22
15,,,Yenibosna,11,2025-04-23
15,,,Yenibosna,11,2025-04-24
15,,,Yenibosna,8,2025-04-25
15,,,Yenibosna,11,2025-04-26
30,,,Yenibosna,11,2025-04-01
30,,,Yenibosna,11,2025-04-02
30,,,Yenibosna,11,2025-04-03
30,,,Yenibosna,11,2025-04-05
30,,,Yenibosna,11,2025-04-06
30,,,Yenibosna,11,2025-04-07
30,,,Yenibosna,11,2025-04-08
30,,,Yenibosna,11,2025-04-09
30,,,Yenibosna,11,2025-04-10
30,,,Yenibosna,11,2025-04-12
30,,,Yenibosna,11,2025-04-13
30,,,Yenibosna,11,2025-04-14
30,,,Yenibosna,11,2025-04-15
30,,,Yenibosna,11,2025-04-16
30,,,Yenibosna,11,2025-04-17
30,,,Yenibosna,11,2025-04-19
30,,,Yenibosna,11,2025-04-20
30,,,Yenibosna,11,2025-04-21
30,,,Yenibosna,11,2025-04-22
30,,,Yenibosna,11,2025-04-23
30,,,Yenibosna,11,2025-04-24
30,,,Yenibosna,11,2025-04-26
30,,,Yenibosna,11,2025-04-27
24,,,Yenibosna,11,2025-04-01
24,,,Yenibosna,11,2025-04-02
24,,,Yenibosna,11,2025-04-03
24,,,Yenibosna,11,2025-04-04
24,,,Yenibosna,11,2025-04-06
24,,,Yenibosna,11,2025-04-07
24,,,Yenibosna,11,2025-04-08
24,,,Yenibosna,11,2025-04-09
24,,,Yenibosna,8,2025-04-10
24,,,Yenibosna,10,2025-04-11
24,,,Yenibosna,11,2025-04-13
24,,,Yenibosna,11,2025-04-14
24,,,Yenibosna,11,2025-04-15
24,,,Yenibosna,11,2025-04-16
24,,,Yenibosna,11,2025-04-17
24,,,Yenibosna,11,2025-04-18
24,,,Yenibosna,11,2025-04-19
24,,,Yenibosna,11,2025-04-21
24,,,Yenibosna,11,2025-04-22
24,,,Yenibosna,9,2025-04-23
24,,,Yenibosna,11,2025-04-24
24,,,Yenibosna,10,2025-04-25
24,,,Yenibosna,11,2025-04-27
23,,,Yenibosna,11,2025-04-02
23,,,Yenibosna,11,2025-04-03
23,,,Yenibosna,11,2025-04-04
23,,,Yenibosna,14.5,2025-04-05
23,,,Yenibosna,11,2025-04-06
23,,,Yenibosna,11,2025-04-08
23,,,Yenibosna,11,2025-04-09
23,,,Yenibosna,11,2025-04-10
23,,,Yenibosna,11,2025-04-11
23,,,Yenibosna,11,2025-04-12
23,,,Yenibosna,11,2025-04-13
23,,,Yenibosna,11,2025-04-14
23,,,Yenibosna,11,2025-04-16
23,,,Yenibosna,11,2025-04-17
23,,,Yenibosna,11,2025-04-18
23,,,Yenibosna,11,2025-04-19
23,,,Yenibosna,11,2025-04-20
23,,,Yenibosna,11,2025-04-21
23,,,Yenibosna,11,2025-04-23
23,,,Yenibosna,11,2025-04-24
23,,,Yenibosna,11,2025-04-25
23,,,Yenibosna,11,2025-04-26
23,,,Yenibosna,11,2025-04-27
32,,,Yenibosna,11,2025-04-01
32,,,Yenibosna,11,2025-04-02
32,,,Yenibosna,11,2025-04-03
32,,,Yenibosna,11,2025-04-04
32,,,Yenibosna,11,2025-04-05
32,,,Yenibosna,11,2025-04-06
32,,,Yenibosna,11,2025-04-07
32,,,Yenibosna,11,2025-04-09
32,,,Yenibosna,11,2025-04-10
32,,,Yenibosna,11,2025-04-11
32,,,Yenibosna,11,2025-04-12
32,,,Yenibosna,11,2025-04-13
32,,,Yenibosna,11,2025-04-15
32,,,Yenibosna,11,2025-04-16
32,,,Yenibosna,11,2025-04-17
32,,,Yenibosna,11,2025-04-18
32,,,Yenibosna,11,2025-04-19
32,,,Yenibosna,11,2025-04-20
32,,,Yenibosna,11,2025-04-22
32,,,Yenibosna,11,2025-04-23
32,,,Yenibosna,11,2025-04-24
32,,,Yenibosna,11,2025-04-25
32,,,Yenibosna,11,2025-04-26
32,,,Yenibosna,11,2025-04-27
44,,,Yenibosna,11,2025-04-05
44,,,Yenibosna,11,2025-04-07
44,,,Yenibosna,11,2025-04-08
44,,,Yenibosna,11,2025-04-09
44,,,Yenibosna,11,2025-04-11
44,,,Yenibosna,11,2025-04-12
44,,,Yenibosna,9,2025-04-14
44,,,Yenibosna,11,2025-04-15
44,,,Yenibosna,10,2025-04-16
44,,,Yenibosna,10,2025-04-17
44,,,Yenibosna,10,2025-04-18
44,,,Yenibosna,9,2025-04-19
44,,,Yenibosna,11,2025-04-21
44,,,Yenibosna,8,2025-04-22
44,,,Yenibosna,11,2025-04-23
44,,,Yenibosna,11,2025-04-24
44,,,Yenibosna,11,2025-04-25
44,,,Yenibosna,11,2025-04-26
38,,,Yenibosna,11,2025-04-01
38,,,Yenibosna,11,2025-04-04
38,,,Yenibosna,11,2025-04-05
38,,,Yenibosna,11,2025-04-06
38,,,Yenibosna,11,2025-04-07
38,,,Yenibosna,11,2025-04-08
38,,,Yenibosna,11,2025-04-10
38,,,Yenibosna,11,2025-04-11
38,,,Yenibosna,11,2025-04-13
38,,,Yenibosna,11,2025-04-14
38,,,Yenibosna,11,2025-04-15
38,,,Yenibosna,11,2025-04-17
38,,,Yenibosna,11,2025-04-18
38,,,Yenibosna,11,2025-04-19
38,,,Yenibosna,11,2025-04-20
38,,,Yenibosna,11,2025-04-21
38,,,Yenibosna,11,2025-04-22
38,,,Yenibosna,10,2025-04-24
38,,,Yenibosna,11,2025-04-25
38,,,Yenibosna,11,2025-04-26
38,,,Yenibosna,11,2025-04-27
41,,,Yenibosna,6,2025-04-01
41,,,Yenibosna,6,2025-04-02
41,,,Yenibosna,6,2025-04-03
41,,,Yenibosna,6,2025-04-04
41,,,Yenibosna,6,2025-04-05
41,,,Yenibosna,6,2025-04-06
41,,,Yenibosna,6,2025-04-07
41,,,Yenibosna,6,2025-04-08
41,,,Yenibosna,6,2025-04-09
41,,,Yenibosna,6,2025-04-10
41,,,Yenibosna,6,2025-04-11
41,,,Yenibosna,6,2025-04-12
41,,,Yenibosna,6,2025-04-13
41,,,Yenibosna,6,2025-04-14
41,,,Yenibosna,6,2025-04-15
41,,,Yenibosna,6,2025-04-16
41,,,Yenibosna,6,2025-04-17
41,,,Yenibosna,6,2025-04-18
41,,,Yenibosna,6,2025-04-19
41,,,Yenibosna,6,2025-04-20
41,,,Yenibosna,6,2025-04-21
41,,,Yenibosna,6,2025-04-22
41,,,Yenibosna,6,2025-04-23
41,,,Yenibosna,6,2025-04-24
41,,,Yenibosna,6,2025-04-25
41,,,Yenibosna,6,2025-04-26
41,,,Yenibosna,6,2025-04-27